Name,Author,Year,# of Words,"Parts, if available"
الآسيره,صمت الجروح أم مجتبـى,,24964,
إليك يامن زرعت في قلبي أزهار الربيع,أمك تجيبك وأنا أبتلي ,2003.0,20835,
مدرسة المشاغبين السبع ! ,وردة حمراء,2003.0,178800,
اعترافات رجل يكره يحب يعشق يبغض النساء,سهر الليالي,2004.0,39744,
بقراري ضيعت نفسي و أحبابي,الجوري ,2004.0,52384,
ذنبي إني لقيط,الـ ج ـوري,2004.0,32235,
غفلتي دفعتني حياتي,الجوري,2004.0,49554,
برد وجفا ونسمة هوى,وصيت قلبي عليك ,2005.0,119425,
رحلتي إلى النور,مازن الغامدي ,2005.0,80713,
صاحب الظل الطويل,إيمليا أمل ,2006.0,102875,
مسموح يامن ملكت الروح,,2006.0,140632,
أعياد بلا فرحة,ليتني غريبه,2007.0,101634,
لاقلت احبك اسكتي واحضنيني,عطر العبير,2007.0,78461,
سرقتك بالزمن لحظه .. وعشتك بالفراق أوقات,أميرة الورد 25,2007.0,166051,
علمني كيف أترك يدك في عز حبي لك,أميرة البنفسج,2007.0,163505,
الدم الي انطبع فوق خدي ما انمحا والكسر ما ينفعه تجبير ,دمعة ألم وابتسامه,2008.0,140865,
شفت الحبيبة ,احلى بدويه,2008.0,88840,
شهد الفهد,شهد الحربي,2008.0,59197,
انكساري ,دلووعةأهلهااو انشودة المطر,2008.0,195807,
ايام عمري,زحل ,2008.0,104270,
امرأة بشخصيات متعددة,هـــبــه وليد.( أحلى وردة جورية),2008.0,26730,
رجولتي تقدر تسميها النخيل .. لإني شامخ و العواصف قاتلة,أسيـــــــــــــــــــــرة أمواج,2008.0,31555,
لي غبت عني دمعتي تسأل تبيك,عذابها من خيالها ,2008.0,26827,
بعض ما خبأته الرياض,أبو بقية,2009.0,74086,
قرٍب كمان,şώέέţ ģίяℓ,2009.0,54735,
أضحك و أنا في داخلي مجروح,,2009.0,117107,
الفئة المجنونة,ديما القطبي,2009.0,140096,
أحرف مطمورة بين طيات الورق,زهـ primroseــوووور العمانية,2009.0,88504,
سقطت بأخطاءي وتعذبت بأسوار ضياعي,عيون الخيال,2009.0,44450,
نهاية عاشق,متلثمه بشماغ عاشقها,2009.0,120543,
حكومة الحب,مشاعر منسية,2009.0,16308,
كيف أعيش ؟!,صغيره ع الدلع ,2009.0,3481,
ما رجيت من الفرح إلا رضاك و ما بكيت إلا علشانك قهر 2,بائعة الورد,2009.0,131807,
إذا أنتثر دمع عينك,يهزها الشوق,2009.0,214954,
جسد بلا روح,جنون الحيآه ,2009.0,216294,
لعنادك هويت و بحسنك خقيت,,2009.0,102819,
مجنون زعلاتك,ميلو محمد,2009.0,11990,
بين ممرات الحياة,أنسانه لا أكثر,2009.0,21379,
بين إيديا,همس الروح,2009.0,86164,
رقصات على أوتار الحب,,2009.0,271784,
غرورك صادف عزة النفس فيني,ضمني بين الاهداب,2009.0,180833,
قلوب محطمة في أحضان المجهول,غدير الحربي,2009.0,194263,
احضنيني بقوة أخاف منك أضيع,أسير الروح ,2009.0,25838,
احظنيني بقوه اخاف اضيع منك,,2009.0,25895,
أنا بنت بس متخفية بثوب,,2009.0,87858,
خنقت الورد يا يمه و بيدي إنكسر ذبلان,بائــعة الورد,2009.0,109709,
خنقت الورد يا يمه و بيدي إنكسر ذبلان 2,بائــعة الورد,2009.0,89455,
 أبي حضنه يدفيني كل ما نزلت دمعة من عيني أبي عينه تناظرني,اسراب,2010.0,43531,
 أتجرع المر بسكات !, angel ,2010.0,61167,
 أربعة عشر إخوة يعيشون في صراع مع الزمن,قاتلني ويموت فيني,2010.0,198163,
 أسطورة الموت,ديما القطبي ,2010.0,97464,
 لا تحسب إني بعد هجرك بناديك ! غلطان لو ظنيت إني أبيك !,دانه,2010.0,77698,
الصعود للأسفل,سامية المقام,2010.0,74441,
الله خلقني مالي العز عيني و الله أموت و لا يجي يوم و أنهان,اصداء الحنين,2010.0,96512,
أرواح تسكن مشارق الشمس لا تحجبها سحائب اليأس,شمس ورى الغيم,2010.0,85293,
أصعب حياتك تعيش و إنت جواك ميت,اروع القلوب,2010.0,38916,
أصعب سؤال,بسمة براءه,2010.0,59945,
أعدتُ برمجة ذاتي,L7'9t '3ram,2010.0,93321,
أقص الراس قدامك و لا أخضع لأشكالك,,2010.0,74590,
أكرهك بتخوني بذبحك,cuota,2010.0,18650,
ألا يا ليت لي قلبين و أحبه بكل قلبيني,,2010.0,78504,
أنا لوحة حزن تبكي عجز عن رسمها فنان, ḆŁάċЌ,2010.0,88838,
أنا مش ورقة,,2010.0,29547,
أوراق من خريف الماضي ,حورانية,2010.0,132110,
أوعدك قلبي في غيابك يصونك تبقى بنبضاته دامي حبيبك,,2010.0,20511,
إن شكيت من الهوى قالوا فضيحة,النشمية,2010.0,81484,
إنت ما تدري إنك صرت لي نبض و دم,BRoNZ GiRL,2010.0,13440,
إنجبرت فيك و ما توقعت أحبك و أموت فيك,مفتون قلبي,2010.0,105819,
بس يكفيني أنك تكوني تحت عيني و بين قلبي,قاهرتهم لاني قمرهم,2010.0,20138,
بعض القلوب مسكره الله يبيح سدها,الخجل كله أنا ,2010.0,153388,
بنيت لك في داخل فؤادي من اللهفة قصر,أحـلى بدويه UAE,2010.0,43590,
تدري وش اللي يقلب فيني أوجاعي لا من طرالي فرقاك و إنك لغيري,مجرد انسانه,2010.0,223989,
تسلط إمرأة  ,فتاة بلا ألم ,2010.0,37198,
"تصدق بسمتك والله تفرح خاطري الولهان , يطير من الفرح قلبي واصير بعالم ثاني",M!ss reena,2010.0,36415,
تموت الأحلام حين يتم تحقيقها,جمال نجد وفتنتن حايليه,2010.0,89223,
جرح المدينة و جرح القلوب الحزينة,امي روحي,2010.0,79871,
جرحت قلبك و جرحني القدر مثل ما جرحتك,عاشقة شاروخان,2010.0,30538,
ح الكلام طعونه تبقى على مر السنين .. حبيبي علمت قلبي ع حبك علمه ع النسيان,,2010.0,51602,
حكايات من خلف الجدران,فتاة بلا الم,2010.0,230973,
خجول الورد ما ينلام لإنك أجمل إنسانة,جنان حبك,2010.0,30340,
خذاك الزمن مني و ترك لي أشواقي,Lolwa,2010.0,26882,
خفايا الروح,انجال (نجود العنزي ),2010.0,16344,
خيوط الماضي,ميرة الدلوعه,2010.0,89595,
دروب الخيانة,سفير الغرhl,2010.0,9180,
دريت إنك بنت يا بنت بس ليه في جامعتنا ؟,امل العين,2010.0,15089,
رواية أكرهك و أحبك و لا أبيك و أبيك,,2010.0,20080,
رواية أموت و لا أموت و لا أنتظر موتي ,قلب دبي,2010.0,163564,
رواية أنا جرحه عندي رقه و الحنان بقسوته,كريزي,2010.0,24041,
رواية إخوة و أخوات ,,2010.0,15723,
رواية إذا غرورك يمنعك تعتذر لي تعال جنبي و إبتسم لي و أسامح,بنت كلاس,2010.0,78561,
رواية إعذروني إذا سالت دمعتي و ذكروني إذا طالت غربتي ,غربه و FreeAngel,2010.0,43774,
رواية إنتحرت فأحبني,مين قدي,2010.0,35527,
رواية تركت الأمر لله وجمعني ربي به,بنت البدو,2010.0,60923,
رواية جاني قال أحبك بعد ما أهاني و داس كرامتي إلا الكرامة حبيبي إعمل حسابك ,دانه,2010.0,81284,
رواية جيتك أمانة أنقذيني ,شمعة الصداقة,2010.0,79500,
رواية حب غير متوقع,,2010.0,46102,
رواية حبيبتي أكتشفها بنفسي,,2010.0,28725,
رواية رعب ,ReRez,2010.0,24181,
رواية صرتي أغلى البشر عندي,سلبني الشوق,2010.0,13351,
رواية ضحية زمن,شاربة فليت و مضيعة البيت,2010.0,31386,
رواية عشقتك من جنوني ,أصل الغرور,2010.0,77614,
رواية على كف الفقيد أبكي,,2010.0,59016,
رواية عندما يُهمل الحُب,عاشقه تميم,2010.0,22867,
"رواية غزلان
",هارد لك يا قلب,2010.0,17856,
رواية غلطة و بندفع ثمنها السنين,غلطان يامعاندني,2010.0,149420,
رواية قيود الحب / روايات أحلام,الملاك,2010.0,22602,
رواية ما قسيت بس قسى قلبك علي و ما نسيت بس نسى إني أحبه ,حنين اشتياق,2010.0,59387,
رواية مجبور أحبك دام عمري و مصيري إنكتب معاك,جــووولي,2010.0,65222,
رواية مشاغبات عاشقين الجزء الاول,"هدوووء الكون , رونق ـإنثى",2010.0,72379,
رواية مشاغبات عاشقين الجزء الثاني,"هدوووء الكون , رونق ـإنثى",2010.0,63777,
رواية مها و ساره,الماسه وتحب الوناسه,2010.0,12299,
رواية مها و سلطان ,om-_-shosha,2010.0,54601,
رواية هلي لا تعذبوني ولد خالتي ضوى عيوني,,2010.0,41046,2.0
رواية يا حبي الأول و الأخير,غريبه في طبعي,2010.0,4776,
رواية يا حبيبي أحلى الفصول فصل حبي و حبك يا خجول,عزيزة النفس,2010.0,47976,
رواية يا حظ عينك,,2010.0,127301,
روح يا طاير و قله قلبي فيه ألفين عله الحياة بعده ممله و حالي من بعده تدهور,جذابه و بقلوب البشر لعابه,2010.0,60152,
ريناد و فارس,,2010.0,4323,
سما غابة الأوهام,ايات احمد,2010.0,154527,
صحيح جسد بس بلا روح ,عاشقة المستحيل,2010.0,78393,
صدمات حياتي,شموخه,2010.0,20738,
ضحية حبك,الدلع يمين وأنا شمال,2010.0,13072,
طنش تعش تنتعش,الدلع يمين وانا شمال,2010.0,16447,
عاشر من تعاشر فلابد من الفراق ,بزوغ القمر,2010.0,54948,
عذاب الحب ينهيني .. من المخطي من الغلطان ,أنآت الرحيل  ,2010.0,94145,
عذبني و إستحملت عذابه لين إعترف بحبه لي,فارس احلامي الي في بالي,2010.0,54409,
عندما نستلذ الألم , حمام الحجاز,2010.0,94415,
عنيدة مثل إبوها ,قطرة ألم,2010.0,152567,
غدر الزمن ما له مثيل,رمز الوجود & أوتار عازفة,2010.0,11661,
غرامك كل يوم يزود و لا يعرف مدى و حدود,سوسو & جيجي,2010.0,28328,
غربة الأيام ,ظنون,2010.0,261273,
فارسة ما تهاب خيول الغدر ,منطوق قلبي,2010.0,172827,
قصة سالفه عـشق ,طير الشوق,2010.0,276716,
قلبي مات,break heart,2010.0,20101,
قلوبٌ محرّمة على النسيان,بقايا بلا روح,2010.0,175267,
قلوب مشوهه في أجساد الظلم والألم,ريتاج,2010.0,56439,
قيود الماضي ,الملكة الام,2010.0,46893,
كل ما فيني يصرخ أحبك إلا لساني عجز ينطق مخارجها,ماني شاعره بس ازلزل مشاعره,2010.0,89966,
كلمة الحب ما تبغي نظر ,أحلى ظبيانية,2010.0,40976,
كلي عذاب,آحسآس رهيف,2010.0,61643,
لا تظن انسالك,ارجوان,2010.0,97945,
لا تغيرت قل لي دنيتي وش تكون ! جثةٍ و إدفنوها داخل ترابها,,2010.0,122926,
لطفاً و رفقاً بي يا زماني,كبرتني الحياة,2010.0,88109,
ما عاد قلبي يتحمل جراح,احساس و ولع وكلي دلع,2010.0,93417,
مجموعة مشاعر ,برستيج بدوية,2010.0,56774,
مدينة الضباب,Danial أو انتراويه,2010.0,26375,
نضوي بهالدنيا و لا ندري عن المكتوب ,آنجلا,2010.0,19783,
نورس على شطآن الماضي,غيورة,2010.0,204748,
همس الماضي,صفاء,2010.0,54568,
و اني أحبك ,امازيغية الهوى,2010.0,70215,
و أخيراً حسيت يا مغرور,صـــــــــــــــــــــــــــــــــــــاحية لهم,2010.0,45880,
ودعتك ألله يا زمان المراجيح,سـيـلـيـنـا,2010.0,13776,
وردتك نسيت عبيري و صرت معرف وش مصيري و بسمتك دايم لغيري و قسوتك دايم علي,جذابه و بقلوب البشر لعابه,2010.0,62806,
"وش رجَعك ؟ لا يكون قلبك حس إنه جرحني وجعك
",بقايا أمل,2010.0,241707,
وشلون أجيب لقلبي المجروح روح !,بداية الحكاية,2010.0,51612,
يا دنيا إرحميني,ReRez,2010.0,74185,
يا زينه و يا زين طاريه ,,2010.0,14452,
إذا ودك تحس وشلون أنا بالحيل محتاجك,صاحبه السمو فيفاني,2010.0,97310,
خليجيات في الإمارات,يتيمة زايد,2010.0,189032,
ألا ليت القدر 4,بقايا شتات,2010.0,36479,
واخيراً حبينا بعض 2,مفتون قلبي,2010.0,65833,
بصدري وجع كنت أحسبه نام يا صدري,وحيدة و أهلي كثيرين,2010.0,81833,
شلي دخل بالنوم و وسادة الريش ما دام حضنك ضمني و احتواني 2,,2010.0,26390,
سجينات خلف قضبان القصور,غمووض الوررد,2010.0,229748,
من صدتك للهم أنا أدفع ضرايب,نور الدنيا ,2010.0,82309,
معاناة الشباب,حمود الشمري,2010.0,19246,
يا دنيا لا تسكبي الدمعة على خد حساس ,To♥oma,2010.0,207980,
حتّى لو غمّضت عيني لقيتك !,احلى سمايل,2010.0,13027,
ورود الأمل برائحة الألم,,2010.0,163291,
أنا أطري على بالك كثر ما إنت تطري,Queen of night,2010.0,67341,
تمنيت الحبيب فأخذت النصيب,طيب ليش,2010.0,18038,
دموع رجال معاريس 2,صرخة وفا,2010.0,39700,
عفواً هذي هويتي وهذهي عيوني جفت وهي تبكي على حبيبها,شفتك بعد غياب  ,2010.0,37400,
أخيراً وجدتك يا نصفي,عشقي القصيم ,2010.0,56156,
جيت أقول إني أحبك شفت عينك و إستحيت,,2010.0,87123,
إذا غرورك يمنعك تعتذر لي تعال جنبي و إبتسم لي و أسامح,بنت كلاس,2010.0,78460,
 راح أقوى على البعد و أنساك,,2010.0,28266,
نور ,وديمة العطا ,2010.0,185382,
لا تظن أنساك و إنت قطعة مني ، عمرك سمعت عن قلب عاف دقاته ؟,آلآرجـوآن ,2010.0,97915,
أحبك بسكات,الانسه فراوله,2010.0,25276,
صدمتي بحالي هزت كياني,بنوته co0ol ,2010.0,92635,
 إذا كان الحب عادي تبيعه أجل قلي وش ناوي تسوي,سارونه المجنونه,2011.0,15952,
 ذنبي أحبك موت يا طفلتي موت و إنتي ترى ذنبك بالإحساس طفلة,صمونة,2011.0,43408,
 لك بقول اللي بقوله و إنتي حرة ما لفت غيرك من الناس إنتباهي,هبال اطفال هذا انا,2011.0,68939,
 مجرد رجة مراهقين,خيال رايق,2011.0,3061,
 مر الزمن تمردت تكبرت تجبرت,ندوش,2011.0,106211,
love to be loved by you part one,ساحرتهم بعيوني,2011.0,89736,
love to be loved by you part two,ساحرتهم بعيوني,2011.0,82292,
الضياع بين الأمل و الصراع في وسط الحب,أوتار عازفة,2011.0,30643,
اللي ما يعدك ربح لا تعده خسارة,صرخة وفاء,2011.0,27974,
أقسى ألم لا صرت با الحيل مجروح من شخص حالفن ما يجي منه زله,ندو الاحمري,2011.0,6150,
أيام حبك ,هلاك وعيوني ملاك,2011.0,4345,
أين الطفولة و قد قتلت البراءة !,بسبوسة بالقشطة,2011.0,34184,
إذا وجد الأمل وجدت الحياة,الملك السابع,2011.0,7736,
إن كان تقدر تعيش العمر من دوني حط عينك بعيني و قول و الله !,وديمه,2011.0,21307,
إيه أحبك مو لازم تصدقني ، إيه أبيك و ذبحني الشوق بغيابك,مفاهيم الخجل,2011.0,30463,
بالتأكيد لا مزيد من الأقدار المؤلمة ، مذكرات وليد وفجر,الفيافئ toota,2011.0,15488,
بشويش ضميني على الصدر تكفين .. و إذا طلبتك شيء لا تمنعيني,Broken Dream R3,2011.0,139923,
بعثة ألمانيا ,ملاك الشوق,2011.0,9563,
بقايا أنثى,سماء الامل,2011.0,41871,
بكاء تحت المطر ,قماشة العليان,2011.0,8018,
تدري أنا وياك قصتنا مثل شمس و قمر,هو يدري اني ادري اني احبه,2011.0,27521,
تدري بأني أموت فيك و بقربك أصبح شخص غير,منيه حنيني,2011.0,34363,
توصي شي أنا بكره مسافر,بسمة ألم او بسمة أمل  أو همس المشاعر ,2011.0,91854,
جعلتيني مجرماً,ديما القطبي,2011.0,18625,
حافظ عهود الحب يومك تبيه ,ملاذ الروح,2011.0,77911,
خلني داخل حدودك و إجبر بخاطر زماني ,جريحة حب,2011.0,80408,
رواية الكفيفة,فديت اسمي,2011.0,66653,
رواية أتحداك وأتحدى أبو الرجولة,روزي الوحيدة,2011.0,13669,
رواية أحبك لعن إبو حظٍ جمعني فيك,حكاية روح مجنونه,2011.0,51738,
رواية أحلى سنة,فراشة الكونـ !أو zozomoon,2011.0,44135,
رواية إختلفنا من يحب الثاني أكثر,اميرة زماني,2011.0,53732,
رواية إصبعي و هو إصبعي إذا غدرني أقطعه,سهم المملكة,2011.0,169968,
رواية إنت منت اللي عشقته إنت أكيد إنسان ثاني .. ليه صرت بهالبرود و بهالأحاسيس البليدة ؟,بسكاتي اذلك,2011.0,58166,
رواية بداية طريقي عذاب .. بس النهاية ما أدري وين,الوان الحياة,2011.0,22621,
رواية بعد كذبك لا ترتجي مني نظرة ، ترى لقيت اللي يسواك ألف مره ,بنت الخزاعي,2011.0,183943,
رواية حبك تمادى و إزدهر ,Д7αŞEēs,2011.0,46400,
رواية خلنا نرد روح و جسد طول العمر أحباب, BRoNZ GiRL,2011.0,18479,
رواية ربي خلقني على النية .. أضحك بوجيه عذالي,,2011.0,41643,
رواية رجيتك عني لا تغيب ,ضياء دنياي,2011.0,34044,
رواية ضحكت و بقلبي قديمة !,,2011.0,8048,
رواية ضمني لك حبيبي خلني أحس بحنانك ,الأنثى الجريحه أو حايستهم,2011.0,65231,
رواية عهد الطفولة ,همس المساء,2011.0,39481,
رواية فاطمة,سحر الشرق2002 ,2011.0,31405,
رواية فهد و نوره, ولد الراكه,2011.0,7468,
رواية قررت أموت بحبك و أمشي معاك فدربك,عاشقة المسك,2011.0,9865,
رواية كينونية إمرأة,انسجام,2011.0,7695,
رواية لا تلوموني ترى حظي سبت همومي,miss sweet,2011.0,7942,
رواية لين متى و الحال ما تغير ,انجبرت فيك و ما توقعت ,2011.0,41964,
رواية ليه الجفاء و كلي وفاء,لنوشا,2011.0,5905,
رواية ما بعد الظلام,الوعد القادم,2011.0,19491,
رواية ما دريت إن الليالي غيرت قلبك علينا ما خطر لحظة ببالي تنسى كل اللي عطينا,جهد المزن,2011.0,78081,
رواية مدام صدر اللي أحبه وسعلي ما همني ضيق الزمن و إتساعه,♣ℓσvєℓч ģίяℓ أو عذبة الاحاسيس,2011.0,9636,
رواية منهو يصالحني عليك ,ميمآ,2011.0,25503,
رواية نور الكون,عاشقه القمر,2011.0,69212,
رواية يا بحر بسألك ليه أمواجك الليلة تعاني ؟,هنوفه,2011.0,26189,2.0
رواية يا لبى البرائة يا ناس ,كحيلة بكاها أو  wrbyahbh..aa,2011.0,86227,
رواية يا ليتك ما كنت أخوي,احاسيس انثى و سمو انثى,2011.0,72526,
زمن البويات,bnt el gbayl,2011.0,19821,
سلاسل من خيوط العنكبوت ,أريج الحب,2011.0,130192,
سميتك معشوقي,سميتك معشوقي,2011.0,61507,
شياطين تدوس الأرواح,وردة متألقة,2011.0,21619,
صورة للذكرى,ماري روك,2011.0,58787,
ضمني على صدرك و أبعدني عن الناس,الين اليوم,2011.0,8119,
ضمني لين أحس بضلوعي تداخلت , Angel 1118,2011.0,21547,
عذبتني بأسباب فرقاك الجزء الاول,اميرة القصر العالي,2011.0,143441,
عذبتني بأسباب فرقاك الجزء الثاني,اميرة القصر العالي,2011.0,139037,
عرسنا في الجنة ,م . عزام حدبا,2011.0,34994,
عشاق الصمت في باريس,همس اشتياق,2011.0,24646,
على درب الأمل أرسم خطاوي ضحكتي,uae_heart,2011.0,27856,
غراميات مجنونة,اميرة الروح,2011.0,119212,
فديتك نسيني نومي و خل طيفك يساهرني الجزء الاول,بنوته كيوت تاكل توت,2011.0,45807,
فديتك نسيني نومي و خل طيفك يساهرني الجزء الثاني,بنوته كيوت تاكل توت,2011.0,26756,
قتلهن الطيش و أحياهن الحب,امجاد الاجواد,2011.0,108941,
قصة شمعة أمل,فتاة بلا عنوان,2011.0,5888,
قلبي معك لو كان جسمي مع الناس ,احلى جنى,2011.0,15439,
قولي أحبك و ضمني,مناوي والقلب ضاوي,2011.0,53817,
كذا خذني مثل طفلة حبيبي برقة عاملني و حفظني كلام الشوق و ذكرني متى أقوله,كذبت فيك احساسي & تكفيني الذكرى ,2011.0,58627,
كرهتك في لحظة و حبيتك العمر كله,قبيلة والنعم,2011.0,37393,
كفاج غرور , قرموشه,2011.0,17514,
كل شي فيني إنجرح إلا فخامة كبريائي الجزء الاول,هواجس,2011.0,32482,
كل شي فيني إنجرح إلا فخامة كبريائي الجزء الثاني,هواجس,2011.0,44625,
ما قد تمنيت العمى في عيوني إلا لجل ما أشوفك مع الغير , яόoό7 5ḃŁħ,2011.0,88615,
مجبورة فيك و حبيتك,نبض الاحساس,2011.0,48232,
مذكرات فتاة شات !,امراءة من زمن الحب,2011.0,57104,
هذاك أول إذا قلت بتخليني تبين دمعتي بعيني !,ملكة الاحساس,2011.0,18393,
همسات حب تنزف ألماً,عاشقه محي عنوانها الزمان,2011.0,90415,
ودي نعيش الحب بإحساس طفلين حتى العتب من بيننا إبتسامة,وديمه,2011.0,43083,
وسيم و شهد,سعاد,2011.0,16828,
وقت حاجتي ناديتك و ما رديت على صوتي,عزي فوق كل اعتبار أو أحساس بلا ألم,2011.0,65067,
يا روح الروح حبك فرضته ... يا روح الروح أصبحت إنت النبض الجز الاول,أحلاهم وأتحداهم,2011.0,40515,
يا روح الروح حبك فرضته ... يا روح الروح أصبحت إنت النبض الجز الثاني,أحلاهم وأتحداهم,2011.0,37419,
يوميات طبيب في الوادي,medo2009happy,2011.0,10422,
أحلامي المزعجة ,easeel ,2011.0,210817,
إيه أحبك قلتها و الصدى غطى المكان و إلتفت من كان حولي مندهش من كلمتي ,,2011.0,92118,
بين الأمس واليوم 5,أنفاس قطر,2011.0,58193,
زمجرة رعود,لمســــة بـــــرآءة,2011.0,13568,
غرام و إنتقام 3,نسايم نجد,2011.0,89215,
فرسان على جمر الغضى 3,وديمــة العطـــــــــا ,2011.0,52185,
أيام عبيد,فويو,2011.0,65558,
قصة حب سرية,حكايا قلم ,2011.0,172928,
مجرد لقب,عمانيه وافتخر2011,2011.0,80179,
إلى أين ؟,Meejoo ,2011.0,19584,
إن كان له حق يخون حتى أنا لي حق الخيانة لكن للأسف بخيانتنا ما تساوينا ,هبـــ آطفـآل ـــآل و هذي آنــآ  ,2011.0,169434,
بين الأمل و الألم أسطورة,بســ أمــ(G)ــل ــمة,2011.0,99147,
حبك كل يوم يكبر بقلبي,همسات قلبي,2011.0,59056,
حنيتك راحت لوين وشفيك ما تشتاق لي,ملتفت صوبك لوعينك تهل دم ,2011.0,106236,
وش الله مكلفني بحبن تاليه فراق 2,انجال,2011.0,45955,
الله يرحم حبنا اللي قتلتيه,مغروووره بس معذوووره ,2011.0,15294,
عشر أسباب خلتني أحبك تسع منها مدري ليش و العاشر نسيته معليش,جربت الحب,2011.0,100878,
لتتوقف الثلوج فانظري لعيناي وقولي أحبك,smile rania,2011.0,81981,
خنقت الورد يا يمه و بيدي إنكسر ذبلان 3,بائــعة الورد,2011.0,58423,
ما علموك البارحه ويش سويت,ليت الجروح ظيوف يوم وتروح ,2011.0,33161,
صرت أعشق دموعي لإنها منك,NONA ,2011.0,80339,
"
الله يسامح إثنين جابوني للدنيا و راحو و خلوني",عطــرالغـــلآ,2011.0,94195,
تكفى بعثر لي كياني و إرجع إحضنه,يقولون غير البشـر or حطمـوك ياقلبي,2011.0,111323,
ونبقى على قيد الحياة,صاحبة الأمل ,2012.0,73965,
بنات الجيران ,noufy,2012.0,166045,
أحمل جنازة قلبي على أكتاف الضياع,دلع مغروره ,2012.0,179872,
النفس طابت والكرامة كرامة ومن عافته نفسي حشا ما التفت له ,بنت آل صباح,2012.0,41827,
ليش يا قلبي تعذبني وتحن أقسى ولو شوي حنانك وطيبك معذبني أنا في حيرة من أمري تعبت,Noudi28,2012.0,54260,
كنت أحبك حب ماتقراه في أعظم رواية,بنـــــو ,2012.0,71704,
مهما يصير بظل أحبك,ملكة ب أخلاقي ,2012.0,57185,
عندما تهوى النفوس,محمد العاصمي / أنكساري,2012.0,51405,
حبك رسمك في ناظري وين ما أروح ,Kramella & Chocolita ,2012.0,89377,
فتحت قلبي لحبك وتحملت الألم من أجلك,دلع مغرورة ,2012.0,155111,
يغار ويسعد إحساسي بهالغيرة وأحس بأني لقلبك موطن وديره,اليـآقوت,2012.0,38783,
حبك حب ماحبه بشر,عسولة بس خجولة  ,2012.0,68431,
سبت جروحي منك يا بني أدم,بنت الكعبي ,2012.0,18062,
اللحظات القاسية تدعوني لارتمي بحضنك,أنـسـاك7aMoOoDyعـجـزت,2012.0,12939,
يسر والمجرم الأيسر,شموخي أنت يايمن ,2012.0,23444,
تدرين لا جاك التعب وش تسوين إنتِ اشهقيني داخلك و أتركيني,مغروووره بس معذوووره ,2012.0,23891,
حنونه والحب قاسي,Beesho0o,2012.0,88186,
نهاية اللعبة,أنـسـاك7aMoOoDyعـجـزت ,2012.0,12706,
بنات في عالم الضياع,شموخ في زمن انكسار ,2012.0,72035,
ياللي تقول إن البنات بدنيتك ولاشي دنياك ماتسوى بليا العذارى,عاشقة القصايد ,2012.0,164427,
الحياة كذا,عاشقة الفن ,2012.0,35460,
أرواح تهوى الإنتقام,حور ,2012.0,271081,
إمبراطورية غين,همسي دلع ,2012.0,15038,
الموت أقرب لك مني يا ولد الأغراب,في خفوقي لك حكاية ,2012.0,57658,
خلف أستار الظلام,أمك تجيبك وأنا أبتلي ,2012.0,9099,
ياسادة العشق يكفي للحب مدية كفي,بقايا أحاسيس ,2012.0,11786,
يمه وين أحضانك أبي أنام بحضنك بس دخيلك لا تصحيني,الكريستال ,2012.0,240093,
ماني من اللي لا مشى الدهر ينساك ولاني من اللي عاشروك المصالح,آلمنسية ,2012.0,44948,
تشبهين الصبح في أول شروقه ، تشرقين وكل من حولك يغيب,Noudi28 ,2012.0,61140,
فــنــدة,نبـَض آليمـن ,2013.0,28044,
وجدا فيك حبنا لم تتلوه الروايات,فاتنه ك امي,2013.0,47942,
أغلى الصدف صدفه وياك تجمعني من عالم الغيب رب الكون سايقها ,amzeng,2013.0,63381,
أبرياء حتى تثبت إدانتهم 4,حُلمْ عناقه مع السماء,2013.0,165249,
اضحكي ما عليك من الحكي إنتي أجمل من وطى فوق الثرى وإنتي أجمل من نظر عين تشوف,Noudi28,2013.0,52888,
عزرائيليَّ الهَوى,Sameera kareemy,2013.0,58980,
تعال لحضني دفيني وعوض عمري وسنيني,,2013.0,25856,
طفلتك تلبس من أشعارك غطا لجل تستر جرحها عن عينهم,هَجُورْ آلسُبِيعِيْ,2013.0,215922,
أبي أسرح بهمساتك ونظرتك تذوبني,دايخة من لعبة بايخه,2013.0,14818,
تكفى لا تعلم إبوي ترى اللي فيه يكفيه,wrbyahbh..aa,2013.0,190225,
لمحت في شفتيها طيف مقبرتي تروي الحكايات أن الثغر معصية 2, طِيشْ !,2013.0,306203,
ياخسارة طيحة طحتها لأجل الحبيب والنهايه لا مسكني ولا سمى علي,عطيـآت,2013.0,235974,
غابت شمسي وبدت رحلتي مع الظلام,reem,2013.0,60209,
الموت ولا بعدك يا ولد الناس,آهآت مبعثرة,2013.0,58021,
خل غرورك ينفعك,مرسى احلامي,2013.0,52898,
سكتني بالقوة وقلي أحبك,صرخه وفا,2013.0,101465,
الدنيا يا صاحبي كلها مآسي واحزان ماتضيق الا بالصبر تهان,جرحني الشوق,2013.0,79617,
مااقسى من غيابك الا شوفتك صدفه,أتألم بصمت ,2013.0,69754,
ما أقسى قلوب تحرق ورود وزهور,انفآس الهجر ,2014.0,103052,
أنت لي اليوم وبكرا والعمر كله,,2014.0,19375,
محبوبي لاتسالني وش اللي طرالي وغير طباعي,شموخي عزوتي,2015.0,66991,
أحبك قد حبك للشطانه والهبال,شهد الفهد ,2015.0,66938,
خاطره صدري يلمك يمكن ينسى سنين عذابك,هتون الغيم,2015.0,135514,
ماضي مرمي بين عقبات السنين,اتالم بصمت,2015.0,73077,
 الريم اللعوب,أمل مذبوح,,13242,
 أما غرام يشرح الصدر طاريه و إلا صدود و عمرنا ما عشقنا,صدود ,,339129,
 أنوثة خيالية بالرغم من الملابس الرجالية,عقد اللؤلؤ المكنون 1,,101567,
 شباب زد رصيدك,المستزلية ,,3945,
 شوفوا الزمن كيف قاسي مخلي راسه براسي,الشوق ذبحني,,86521,
 فتيات المطر ,آنسة حور ,,6692,
 كبرتني يا هم دخيلك قول للدنيا أنا عمري كم !,عطر البنفسج,,31430,
 كبرتني يا هم دخيلك قول للدنيا أنا عمري كم ! 2,عطر البنفسج,,32992,
 لغز الهدية,آلبي دء ,,33706,
 مابيك فارقني عسى الله يخليك قلبي و عودته على حر فرقاك,مجنونتـــه ,,78794,
 مجنون بك واعترف لك صرت مجنونك لا الذنب ذنبي ولا ذنب الهوا ذنبك,خجولة المبسم,,6738,
 و يبقى خالد,sweet memy,,115980,
 وشلون تهملني وأنا مهتم فيك هذا السؤال اللي ذبحني جوابه,بنت الشريقيه وشفايف ورديه ,,48845,
15 فتاه لاتستطيع نسيان عنوان وهو اروع لحظات ,لا للحب لك ,,979,
99 كذبه لا تكفي ! لادافع عنك ؟ أكمل آخر كذبه !,,,64622,
ابوها وامها واخوانها أغرب عائلة سعودية في معاملتهم لبنتهم واختهم,,,6211,
ابوي لو صد عني ما ترجيته,,,142062,
ابوي لو صد عني ما ترجيته,,,142062,
ابي أنام بحضنك واصحيك بنص الليل و اقول ما كفاني حضنك ضمني لك حيل,ازهار الليل,,139379,
ابيك في دروب المحبه تخاويني,الدكتوره غاده ,,105650,
احاول ان اعلم قلبي ان لا يرغب في شيء لا يستطيع امتلاكه,جوري الياسي,,12010,
احبها ولكن,,,12098,
احلام ورديه ياحبيبي تصحى وتلقاني قدامك يارب تحقق احلامك,,,22714,
اداعبك بحناني,ملوكة,,122912,
اداعبـــــــــك بحناني,ملوكه,,122912,
اسيرة البدر,لورينا قطر,,74361,
اشتقت لك لين صارت بي منك لمحات,,,124529,
اطلالي ملت وقوفي,ام الظفاير,,118755,
اغلى ناسي,حلا ,,174915,
اغلــى نــآسي,,,175640,
اكبر غنى من كان عنده احساس واكبر فقير اللي بلا حس عايش,,,26485,
الأمل ,جنية إن ذى قوطي,,19407,
البوم صور,نور نجدي,,34215,
التبل ,ترنيمه عشق,,122730,
الجميلة و الوحش,Elsa Maria ,,28626,
الجو بارد و أبي حبك يدفيني كلمة أحبك بهذا البرد تكفيني,,,45912,
الجوري و فيصل,kale dal3,,73109,
الحب الأعظم,خلف السحاب ,,149848,
الحب البعيد,Beautifulgirl-23,,10873,
الحب المتأخر,عايشة بغدر الزمان,,10550,
الحب ما يرحم سلاطين و ملوك كيف يرحمني و أنا إنسان عادي,اســــــــيرة الغـــــــربيـه,,19888,
الحب واجد مير الاقدار صدفه و الأرض واجد لكن الحلم منفى,أوتار قيثارة,,86698,
الحديقة السرية,اهتمآم ورده,,67932,
الحديقة السرية 2,اهتمآم ورده,,80465,
الحزن توأم روحي,الحزن توأم روحي,,51272,
الخوف من الحب,,,157159,
الخوف من الحب,,,156069,
الدفتر الاحمر,حمام الحجاز,,77806,
الدمع من عيني مترضفا ع الخدين ولا لقى مسعافي,Desert Rose,,47909,
الدنيا قاسية,طيبة القلب,,96603,
الدنيا مشاغل وحبك وحده شغلني,,,17542,
الرباعي المرح شلة الوناس,بنت الخزاعي ,,56281,
الشمس العمياء,,,24264,
العـرس حلم يرآود كل فتآة,,,21897,
العروس المتمردة,جوليا جيمس,,17393,
العشق الممنوع,بنوتة أسمرة,,142459,
الغريبه,غيوم الشوق ,,74271,
الغزال الشمالي ,غير معروفة,,24692,
الفتاة الهاربة,ReReZ,,48398,
القرار الصعب,,,22524,
القسمة والنصيب .. خيانتي,لا أريد مجاملة,,25771,
القلب ما هو لعبة بيدينك يا فلان,ألم إنسان,,39524,
الله يسعد شخص ساكن بي هنا,weaam ,,19810,
اللي يبينا عيت النفس تبيه واللي نبيه عيا البخت لاا يجيبه,,,128198,
الليالي الطويلة,,,51975,
المتشردة,بنوووتة كيوووتـ,,73985,
المشاغبين الخمسة,لمو كول,,16263,
الموت ما هو أنك تكتفن بترابك الموت أنك تحب حي ويفارقك,Karisa,,251947,
الموت ما هو أنك تكتفن بترابك الموت أنك تحب حي ويفارقك 2,Karisa,,185825,
الهوى غلاب و أمر الله غالب,العازفه الحزينه,,36288,
الواقع المؤلم,نبض قلبي أنت ,,3944,
الورطة ,عروسة السماء,,33545,
الورطة 2,البرق الرومانسي,,28404,
الوصية التي قلبت حياتي,شغوف,,49665,
الوليد وريم,,,56680,
اليتيمة,هاردلك ياقلبي,,33231,
اموت واحيا بك,,,112238,
انا حر ما أنهان و الحر ما يرجع لشخص يهينه,معاني كامله,,192984,
انتحار الاحلام اخر اليل,فتاة بلا الم,,131523,
انتقام مي,lolo111,,22369,
انثى بهيئة رجل,miss cafe,,76103,
اهـ من قلب غدآ حبه جنوني,,,184842,
آآه يالدنيا عيال عم ولا يتعارفون,نفسي عزيزة,,139965,
آحبك ياعذآبي,,,26089,
آحبك يانونا,نونا,,16314,
آذان مثقوبه لنيشان الخطوبة,ترجيه شذر,,36766,
آسف على الجروح بودعك بمشي وأروح ما أقدر أجامل خاطري والدمع يسكن ناظري,اسمي شموخي,,152637,
آكرهك ولازلت آحبك,,,31462,
آم الجماجم وحب في المقابر,,,54500,
آنا وزوجي,,,19681,
آنتفض قلبي بغزآل منصوري,منطوق قلبي,,90914,
آه لو أحبتني,قمر جنها,,27796,
آه من قلب (ن) غدا حبه جنوني,,,63377,
آه من قلب (ن) غدا حبه جنوني 2,,,121699,
آه هذا الحب جمرة من لظآه انا اكتويت,همت بهــــــــــواك ,,79361,
آه هذا الحب جمرة من لظآه انا اكتويت 2,همت بهــــــــــواك ,,111875,
آه هذا الحب جمرة من لظآه انا اكتويت 3,همت بهــــــــــواك ,,142388,
آه يا دنيا,آحاسيس مبعثره,,41574,
آه يادينا عيال عم ولا يتعارفون,نفسي عزيزة,,142086,
آهات جروح حزينة ,لوحة خواطر فنان ,,82406,
أُقسم قسم لأدوس قلبك بلقدم,,,39077,
أبد ما جيت أباركلك و لكن جيت بأوصيك,عاشقة القصيد,,31536,
أبرياء حتى تثبت إدانتهم,حُلمْ عناقه مع السماء,,100923,
أبرياء حتى تثبت إدانتهم 2,حُلمْ عناقه مع السماء,,127420,
أبرياء حتى تثبت إدانتهم 3,حُلمْ عناقه مع السماء,,109390,
أبصرخ بكل مافيني يا ناس مجنون فيها,مدآوية الجرح ,,18372,
أبغى تكون إنت داري و أنا دارك و أوعدك ما أخذلك ,آوتـار الأمل أو اذكر الله ياخفوقي,,14024,
أبوي جبرني فيك و كسر عنادي بس ما دريت إنك صرت كل هلي و ناسي,الهمس الخافت ,,69345,
أبي حبك معي يكبر,عاشقة الزهراني,,12095,
أحباب أموات,voxal_130,,23962,
أحباب في مقبرة الحب,دجه ورجه وفله,,89152,
أحبك بس مكتوب تكون لغيري,only shoody,,26279,
أحبك حب ماينتهي عشقك ابد وأبيك قلب مايسكنه غيري أحد,Letk M3y,,74389,
أحبك لعن إبو حظٍ جمعني فيك,حكاية روح مجنونة ,,51589,
أحبك لين تنزلني أيادي الناس في قبري,كيفي عنيدة ,,21561,
أحبيني أحبيني و إذا تركتك أكرهيني بكل ما فيني,نرجسيه,,68305,
أحتاجلك إذا ضيق الوقت صدري,أنفاس الحب ,,160217,
أحس بخنجر الألم يسولف للضلوع,α7lα αηηỗ,,22160,
أحقاد تحت الرماد,ALJeNeRaL,,105346,
أحلام المحامية,مصفقة عيال الحارة ,,29111,
أحلام مجتمع,بنت تبوك ,,35964,
أحلى حيـــاة عشناها,الجوري عبدالله,,23700,
أحلى صدفه في حياتي,بقايا شتات,,37546,
أحلى صدفه في حياتي 2,بقايا شتات,,67716,
أحلى صدفه في حياتي 3,بقايا شتات,,89395,
أحلى ما خلق ربي,,,82612,
أخذتي عقلي من النظرة الأولى ,نرجس الجنوب  ,,31110,
أخذيني مابيني,,,59593,
أسرار العيون,sweet moon ,,236183,
أسطورة القسوه و الحب إذا هذا معي طبعك أجل وش حال أغرابك,unique ksa,,46544,
أسطورة القسوه و الحب إذا هذا معي طبعك أجل وش حال أغرابك 2,unique ksa,,70137,
أسيرا الوهم,قلب الجبل ,,55259,
أشتاق لك شوق له الشوق يشتاق شوق يشوق شايق الشوق شوقه,,,47528,
أشكي للي بين ضلوعي,وزو,,125914,
أشكي للي بين ضلوعي,وزو,,125914,
أشكي للي بين ضلوعي 2,وزو,,12191,
أشكي للي بين ضلوعي 2,وزو,,12191,
أصعب دروس عمري,لحظة غرام,,94477,
أصوات قلوب صادقة,وردة الإسلام ,,17948,
أضمك وين من حسادي و أحميك .. حبيبي بقلبي لو بعيوني أخليك,جولي,,37109,
أضمك وين من حسادي و أحميك .. حبيبي بقلبي لو بعيوني أخليك 2,جولي,,53030,
أطياف الغرام,معاميريا,,146376,
أعترفلك حبك غلطة حياتي,,,8573,
أعد لي هويتي,أنجال,,162187,
أعذريني لو قسى قلبي عليك,مما خطت يداي,,38390,
أعذريني ياغرام لو حصل مني قصور,رجا الأوهام ,,63076,
أعشق ترابك أموت في أنفاسك,زهرة الليلاس ,,282143,
أعشقك .. أحبك .. والهوى صار عنواني,razan_97,,50780,
أعشقه و هو في دنيتي الجنه و صعب أنساه لأني نسيت أنساه,Karisa,,147893,
أعطني حريتي أطلق يديا,ام وسن,,111804,
أغلى غرامي أميري,يلوموني فيك,,51005,
أفهم ترانا لا يقين لبعضنا كنك نهائي الكأس وأنا هلالي,لاحد يزعل السوري,,106015,
أكابر و أقول فراقه عادي و أنا في داخلي أصرخ تكفون جيبوه,اشتقتلك مووت,,94657,
أكابر و أقول فراقه عادي و أنا في داخلي أصرخ تكفون جيبوه 2,اشتقتلك مووت,,64192,
ألا ليت الزمان يعود,شبيهة امي,,37123,
ألا ليت القدر,بقايا شتات,,58604,
ألا ليت القدر 2,بقايا شتات,,69709,
ألا ليت القدر 3,بقايا شتات,,51057,
ألاقيها أنا من وين منك ولا من دنياك إنت والجروح إثنين,Beautifulgirl-23,,17029,
أم البنات,مناوي والقلب ضاوي,,46235,
أمانة لا تطلع حرارة أنفاسك بحضن غيري,Sandra-kas,,80503,
أمجد و ميادة,خالد أبو الشامات,,11554,
أمل موعوود,الســــــديم,,47697,
أنا الرصاصة الوحيده التي سألة ضحيتها كيف تريد أن تموت في حبي,معشوقه بلا قلب,,59766,
أنا الشموخ ومارضيت البهاذيل كسرت خشم الناس من قو ذاتي,ظميانة عشقه ,,98664,
أنا الشموخ ومارضيت البهاذيل كسرت خشم الناس من قو ذاتي 2,ظميانة عشقه ,,100686,
أنا الشموخ ومارضيت البهاذيل كسرت خشم الناس من قو ذاتي 3,ظميانة عشقه ,,86398,
أنا الضحية و أنا الجلاد,عذبة العذوب,,78831,
أنا الضحية و أنا الجلاد 2,عذبة العذوب,,77724,
أنا العاشق,غريب الدهر ,,13998,
أنا آسف حبيبي ماكان قصدي أختارك لي حبيب لكن أنت تعرف الحب صدف ,Badroooshi,,41222,
أنا أنثى لا يقف المستحيل أمامها,أنآت الرحيل,,103851,
أنا أنثى لا يقف المستحيل أمامها 2,أنآت الرحيل,,107325,
أنا إخترت الفراق و ما دريت إن الفراق وصال أقول إني نسيتك بس مدري كيف توصلني,أَشْرِق بِإبْتِسآمَ ـة أو Dя.Ghofran,,41386,
أنا بنت فيني رجوله خلت كل البنات من حولي يستحون ,Akos nona,,51812,
أنا شوقي يزيد هيام كثر ما روحي عشقانة و أنا من راسي للأقدام مشاعر حب عطشانة,نوني أل نوني,,31180,
أنا قلبي مثل قبري ما يضم إثنين,عيونك دنيتي ,,51297,
أنــا لــك,سحابة مطر,,60872,
أنا ما أبا ذهب ما أبا ألماس و ما أبا بعد قلبي,أحلى قلم,,43050,
أناس في غيبوبة,ام العيون العسلية,,122783,
أنت الوحيد اللي ما سكن في القلب غيرك,أعشق هبالي ,,17778,
أنطفيت ورحت في وقت المغيب,,,171785,
أنفاس الطابق الأخير,القمر كله,,3267,
أنين ، كره ، إنتقام ، حب ، نهاية مجهولة ... لعبة الشطرنج,قلب امي وروحها,,41576,
أنين نساء,مطنوخة حدي ,,84238,
أهلي كلهم بأمريكا و أنا بقيت هنا وحدي !,عزة نفس/بدون ضمير/ملكة الأحساس,,55784,
أوراق الماضي,إيمليا أمل ,,41664,
أوفى الخلق,Yazεεd ,,22607,
أول إنسان أحبه ,همس العاشق ,,60852,
أيام من حياتي,غفران,,112745,
أيامنا الحلوة,شبيهة امي,,42834,
إبن عمي بالرضاعة,shamiyeh ,,94289,
إحساسي غريب,همسات ألم ,,36644,
إذا قصدك تهين إسمي عشان تشمت العذال,امير العشاقق ,,34760,
إرادة رجل,قلب الجبل,,58832,
إستهبال و رجة شباب و بنات,دلوعة في هواها والاميرة الهلاليه,,36537,
إسمحيلي من النظرة الأولى و كوني أم أولادي,لفانتا,,77189,
إشتقت لك حبيبي ضمني لصدرك وقلي أحبك !,مشاعر انثى,,60744,
إفهم انك تموت وما تثير إهتمامي,إنسكاب الجاذبيه,,73844,
إقترب مني ترى الدنيا فرص و خذ من شوقي إذا شوقك نقص,جنان حبك ,,16669,
إكتساها الخجل يوم قلت لها أحبك,جرحني وصار معشوقي,,89226,
إلا فراقك,h.m,,28736,
إما شيطان أو شخص مهـزوز الـكيان,,,195778,
إن كان تقدر تعيش العمر من دوني حط عينك بعيني و قول و الله !,وديمه,,21152,
إنت تدري البنت لا عشقت وش ممكن يصير,راما الدلوعة  ,,440696,
إنت قلبي و أنا أحبك,,,40421,
إنت كافي,أميرة بشمووخي ,,15599,
إنتقام و غرام,بنوته بنكهة الفراوله,,25054,
إنتي نظر عيني دامك معايا,قلبي بيتك,,34545,
إنسو إيمان فإنها لن تعود,,,107857,
إنها عيونك التي لا تخون,ألحان الناي,,39377,
إهزمتني ببرائتها,قحطوطه,,50743,
باع حبي و تركني,جروح فتاة ,,21368,
باعوني برخيص,,,20751,
بالهداوه يا دوا المشتاق خذني بالهداوه,,,136624,
ببتعد عنك وبترك هالطريق دام هذي رغبتك حقك معاك,جرحي يثابر ,,56399,
بتوحشني,,,36690,
بحر حبي,حبيبة أمها,,89347,
بداية حبنا غلطة,لارا الأمورة ,,42662,
بدر سامحني,بائعة الزهور,,43219,
بدموع الحزن بسماتي,زهرة القمر ,,30374,
بدون اسم,,,18225,
برائتك يا أبوي أنا بطلعها,وحشني غيابك,,33766,
برد وجفا ونسمة هوى 2,وصيت قلبي عليك ,,77097,
بردان ياحضن الدفا عطشان واظماني الجفا,مشاعل السعودية,,297466,
بردان ياحضن الدفا عطشان واظماني الجفا 2,مشاعل السعودية,,173208,
بزوغ فجر,,,68210,
بس تكفيني كلمة أحبك,احلى بنوتة(عايشه),,37376,
بسمة العمر الجرح,سما,,172298,
بسمة قدر جمعتنا و حقد البشر فرقنا,,,19477,
بشرة الحب,مشاعر,,23814,
بشـــروه إنــي أبـرحـل,,,100017,
بصدري وجع كنت أحسبه نام يا صدري 2,وحيدة و أهلي كثيرين,,72583,
بصدري وجع كنت أحسبه نام يا صدري 3,وحيدة و أهلي كثيرين,,88687,
بضمك ضمة التايه عـن العالم و هو غفيان,,,7127,
بعثرة ألم وعناق أمل,عنتريهر,,3663,
بعثرت الاوراق في لندن,موادع 1,,18839,
بعد الغياب,أنفاس_قطر,,43830,
بعد الغياب 2,أنفاس_قطر,,142145,
بعض العيون حقدها في نظرها,جسار الراسي,,103189,
بعض العيون حقدها في نظرها 2,جسار الراسي,,108722,
بعض العيون حقدها في نظرها 3,جسار الراسي,,104178,
بعض المواقف تجي و تروح ماتبقى و بعض المواقف صداها بالعمر باقي,زهور اللافندر,,117651,
بعلمك درس يفيدك ويحييك,بنات افكارى ,,109371,
بعيد عن الواقع,trf,,34725,
بعيد عن الواقع 2,trf,,56862,
بقايا أنثى مجروحة,سحر الإحساس,,44149,
بقايا روحي,ملكة الليل ,,37136,
بـقول ولاتقــآطعنـي,عاد انا اللي احبكـ,,85065,
بكت شمس الزمان اللي طواها اليأس بأسبابك,الخيـ666ـالة ,,113945,
بلا رقيب,عاشقة ديرتها,,332173,
بلقاك صدفة عابرة وأتعداك وأقول يشبه واحدٍ كان غالي,آآعشق هبآآلي ,,32359,
بنات افكــآري,,,122969,
بنات التجار وما لاتعلمون,تالين ,,18364,
بنات السفير,بنت السعودية,,149977,
بنات السفير 2,بنت السعودية,,177468,
بنات خالات دجه رجه,بحار الصمت,,18211,
بنات رجه بس بالاناقه رزه انواع الاستهبال والرجه والدجه والاستهتار رومنسيه,تميميه وافتخر,,59382,
بنات في الإنترنت,,,59136,
بنبقى و الزمن شاهد حبايب قلبنا واحد,eman hasan,,139781,
بنت الجيران ,,,32599,
بنت الشامية,نبض القصيم ,,116071,
بنت بمظهر ولد ! ,اكووس نونا ,,32306,
بنت بمظهر ولد ! 2,اكووس نونا ,,21755,
بنيت لك في داخل فؤادي من اللهفة قصر,سميتكم غلآي ,,43830,
بيت العنكبوت,أمي روحي,,128541,
بيت العنكبوت 2,أمي روحي,,134859,
بيتنا الطين,غيوم الشوق,,74744,
بين الأمس واليوم ,أنفاس قطر,,119518,
بين الأمس واليوم 2,أنفاس قطر,,150619,
بين الأمس واليوم 3,أنفاس قطر,,131185,
بين الأمس واليوم 4,أنفاس قطر,,116314,
بين أحقاد الماضي عشقا لاينتهي,,,105603,
بين بوظبي و جدة مسافة قلبين,مريم العصري,,7315,
بيــن ثنــايــا الأيــام ,صاحبة الكلمة,,128420,
بين قلبين حب أعمى,قهرتني ,,92077,
تؤام روحي تعاني جروحي,كحيلة بكاها,,48232,
تؤام في غربة تؤام في ضلمه,XoxO ,,8259,
تؤام و لكن,عاشقة الرواايات ,,10027,
تبي تشوف الذل في صورته صح ، شف دمعه الفرقى على خد رجال,,,79001,
تبي تنسي أولادك أوجاعهم تزيد الهم ع غمهم,الشموخ,,27374,
تحت أمطار الشتاء,دقات,,5548,
تحسبني بموت لو شفتك مع غيري خون ياحبيبي خون وأنا معك خوان,كيف تخفي حبنا وشوق فاضح  ,,92648,
تحمل جنوني وضمني حيل لصدرك,شايفة نفسي ويحق لي ,,126386,
تحملت التعب لأجلك وأنا حملى يهد جبال,مصفقه عيال الحاره,,26194,
تحملت اللي يقولونه و قلت لخاطر عيونه .. و لا قدّر أبد طيبي تفنن هو بتعذيبي,دنيآه دنيآ غيرت حآلي دنيآه دنيآ غيرت حآلي,,54463,
تحملت اللي يقولونه و قلت لخاطر عيونه .. و لا قدّر أبد طيبي تفنن هو بتعذيبي 2,دنيآه دنيآ غيرت حآلي دنيآه دنيآ غيرت حآلي,,25212,
تحملت كثير يا قلبي,جنون الشوق,,209732,
تحملت كثير يا قلبي 2,جنون الشوق,,78272,
تحياتي لمن دمر حياتي,,,49203,
تدرِي وش هو القرِف ؟ خاين و يحلف بالشرِف !,سيلينا,,22764,
تدري وش أحلى شي بالدنيا إنسان لاشدك ولمك بحظنه تدمع عيونك من قوة حنانه,إنكسآر ,,32161,
تراب الندم,"الكاتباات""جروح غامضه+ظلمني بغلاته+Crazy-lovey",,98003,
تركت الأمر لله و جمعني ربي به,بنت البدو,,60778,
ترى مصدوم من بعدك و لا قادر أحب ثاني,أسطورة النشيد& دموع التماسيح ,,107019,
تـــشـــرد ,Mero0oh,,37263,
تصدقون زميلتي طلعت ولد,,,17298,
تضحية الأخت الأم,بشروني شمرية ,,28151,
تعبت أشكي ,وصيت قلبي عليك,,90897,
تعلمت أن أحترم مشاعرك لكن لا أثق فيها,الحان الناي,,47769,
تفرقنا سنين وماجمعنا غير الجرح و ليت الجرح بعد قربه تعدانا,لاتغرك الضحكه ,,87336,
تكفى ياولد الأجواد علمني منو أبوي ومنو أمي,غلطان يا معاندني,,101924,
تكفين لاتخليني,كوثر الأسود  ,,73721,
تلاشت قواي بين يديك,,,15151,
تلاشت قواي بين يديك 2,,,61532,
تناديني سيدي,,,38618,
توأم فلة,بَغيت اَنساك ماقدرت ,,60012,
توأم و كل وحده فينا لها قصه حتى بقصصنا نتشابه,عآشقه نفسهآ,,79246,
توأم و لكن أغراب في الجامعة الأمريكية,فيرزاتشي,,114710,
توأم و لكن أغراب في الجامعة الأمريكية 2,فيرزاتشي,,108863,
توأم و لكن أغراب في الجامعة الأمريكية 3,فيرزاتشي,,102069,
توأمتان بثوب وعقال,BO7A B,,59127,
توأمي لكن أنا غير و مالي مثيل و راسي عنيدة,قلب امي وروحها,,76085,
توأمي لكن أنا غير و مالي مثيل و راسي عنيدة 2,قلب امي وروحها,,77877,
تيارات الحب,OmanI-CooL ,,82383,
ثرثرة أرواح متوجعة,ضمني بين الاهداب,,138148,
ثرثرة أرواح متوجعة 2,ضمني بين الاهداب,,138811,
ثقيله مزحة الدنيا,,,65018,
ثقيله مزحة الدنيا 2,,,63002,
ثقيله مزحة الدنيا 3,,,53185,
ثلاث سنين من شقى عمـري,ورد مجروح,,108707,
ثلاث سنين من شقى عمـري 2,ورد مجروح,,58897,
جبتها على الجرح,امنيه حنيني ,,11621,
جبروني عليها وكرهتها وفجأه حبيتها وعشقتها,آهات مبعثرة ,,49704,
جرحني وسماني عديم إحساس,Ms.hajar,,16807,
جرحني وصار معشوقي,رسمتك حلم,,136317,
جرحي عميق و قلبي في دمه غريق,,,19724,
جروح البنات,,,16715,
جروح بدون سبب,هنودة ,,29028,
جروح قلبي,أميرة الورد,,50427,
جروح من عبق الماضي,kesat 3thap,,287671,
جروحي تنزف احزاني,,,123403,
جسد نورة بلا روح,ابيك مابيهم,,9750,
جمعتنا الصدف و فرقنا القدر بس,الاليت القدر ,,172358,
جمعية نسائية,سحابة نقية,,81775,
جنون ,ذبحني غلاها ,,28311,
جنون الحب,مجنونة حب,,111722,
جواهر,,,125431,
جوهر حضورك أعلن ميلاد قلبي,سميتكم غلاي,,101211,
جيت أبعقل أنا و أختي قال لنا الطيش بدري,هَجُورْ آلسُبِيعِيْ ,,27299,
جيت لك عاشق,ثرثره صامته,,15750,
جيت وش جابك حبيبي من بعد طول المغيبِ و إلا ناوي ياحبيبي تغرق الغرقان أكثر,الاميره الهلاليه & دلوعه في هواها ,,31943,
جيش حبك في الحشا سوى حشودي وعسكر بالفؤاد ورماني ضحية,غرشوب أبوظبي,,93568,
حــالة عـشــق,هذيان صمت,,217981,
حب على هامش الطفوله,,,5936,
حب في الجمس,,,88347,
حب في أقل من 72 ساعة,,,22884,
حب في وقت الفراغ,الشاعر مرتاح بدونك,,4682,
حب لاينتهي ,فراشة فوشية ,,7565,
حب لم و لن تكتمل,,,8548,
حبايب طول العمر,زهرة النوير,,10774,
حبك يا ولد عمي خيال و إني أسيبك يبقى محال,متعبن قلبي ,,200594,
حبه بصدري سالفه سر في بير,عمانيه وأفتخر,,42357,
حبها معلقني وصوتها يدوخني وعيونها تجذبني ياناس الحلو بيذبحني,GroOo7 Ma5feah,,54108,
حبي الأول و الأخير,,,41857,
حبي لها خلقه الله كبير,,,6315,
حبي هم اليوم و ماضيّا دمعة عين,هيمو ,,47948,
حبي وكبريائي,جنيه إن ذى قوطــــــي ,,71437,
حبيب الحب : خالد و نوره,مـــنـــيــــرة خـــالــــد ,,28560,
حبيبتي اسم على مسمى,جنة الفردوس,,71707,
حبيبي المقنع,الحنان الخالد ,,56692,
حبيبي أنت نبض قلبي اللي ماينبض الا بهواك,مشاعر انثى,,19036,
حبيبي قبل فرقاك أحفر لي قبري بيدينك حضن القبر أهون من حضن غيرك,حلاتـــ برمشتى ـــى ,,27244,
حبيبي لايبكيك الفراق ولا يهد حيلك أخاف الدمع من عينك يجفف صورتي ببالك,سجينة الأحزان,,58449,
حبيبي مغرور و أعشقه لحد الجنون,لفانتا,,68730,
حبيبي يمون داخل العيون,خرافية,,45808,
حبيتني غصب عنك مثل ما غصب عني حبيتك,بنت الثانويه,,33275,
حرام أحد يحبك !,الامل,,17821,
حسايف تذبل الضحكه وهي بين الشفايف,,,273048,
حسبتك عديم الاحساس و صرت كل احساسي,,,92720,
حسبتك عديم الاحساس و صرت كل احساسي 2,,,105596,
حسبي عليك حتى شبيه أسمك أفز له,آآآعشق هبآآآلي ,,52078,
حط إيدك بإيدي خلني أعرق دفا ، ضمني لين تسمع لضلوعي ونين,عنادي النادر يميزني & تعبت أشتاق ,,25767,
حط يدك على قلبي وأمسح دموعي,روح بلا أمل ,,75518,
حطموك يا قلبي,ملاكو الدلوعة ,,29296,
حظي المنسـدح,,,19523,
حقوق العشق محفوظة,مهجه فهد_ يسرا محمد,,162719,
حكم القدر,,,22718,
حلالي و حر فيها,Miss Alucard16 ,,27503,
حلم الطفولة,لا ارى عيبا كوني معاق,,23042,
حلمت بلقياك بعد ماطال الغياب,حطموك ياقلبي,,51666,30.0
حنايا,حنايا,,52077,
حنيتك راحت لوين و شفيك ما تشتاق لي,ملتفت صوبك لوعينك تهل دم,,108062,
حياتي راح أظل أحبك لأخر ثانية بحياتي,شقأإأوهـ,,48429,
حياتي عذاب,تكفيني العبرة,,126560,
حياتي قصيدة هو شاعرها,Majeed lover ,,114444,
حينما تعوي الذئاب,هناء الوكيلي,,49698,
خاتم في أصابع رجال,Nonaz,,100062,
خادمة على عرش الثراء,,,19740,
خادمة في زمن الغربة,تولين ,,43394,
خان ويحسبني أخون,الدمع حبر العيون ,,15513,
خايف يا قلبي خايف,,,133105,
خبر عقلك إنك متربع وسط القلب,بنت ناس قلبها ألماس ,,41808,
خبيني,نبضـة شـوق + wrod + صـوت الدفـا ,,62319,
خجولة أمامك,مشاعر,,11867,
خذني على قد عقلي ,سراب العين,,147613,
خذني في حضنك أبغفى,كرهتك حبيبي ,,23885,
خطاي إني وفيت و ما عرفت ألعب على حبلين,غموض الورد,,89850,
خطاي إني وفيت و ما عرفت ألعب على حبلين 2,غموض الورد,,87614,
خطاي إني وفيــت وأنت للجفا عنــوان,,,64410,
خطوات غامضة ( حكايات الماضي ),رعشة شوق+رنو+الفرآشة,,93183,
خطوات لثمتها أفواه شيطانية,هذيان ,,175922,
خفايا الدنيا,bintaboha,,133223,
خفايا الماضي,غلا انسانهـ,,9582,
خل إيدك بالعشق تحضن إيديني,,,39279,
خلك على خبري كما ريحة العود,عيون بدوية,,102760,
خنجر وأحسه بين الأضلاع..لاهو ذبحني ولا هو اللي قويته,,,5641,
دانة ونواف,بائعة الورود ,,12282,
دآويتهم وجرحوني عبدالله ومنى,,,69372,
دفنت الذكريات,"دريمز,R ",,88283,
دموع أسقطت حصون القصور,فيرونا العاشقة,,212465,
دموع رجال معاريس,صرخة وفا,,66511,17.0
دنيا غريبة,نجديه اصليه,,114466,
دنيتي تحلى بوجودك,golden apple,,186258,
دنيتي و هي دنيتي مني إكتفت,بنت نجد,,40888,
ذات الوجه الدميم,,,77080,
ذكريات المراهقة,noufy.1999,,93618,
ذكريات على حافة النسيان(ملاك رعد) ,متكحله بدماء جروحها ,,137162,
ذكريات مفقودة تحت المراقبة لعبة على أرض الواقع,HeEeMoO ,,51120,
ذيل الجنيه,,,123738,
رائحة الموت,عبدالله ناصر الداوود ,,8533,
راح أغار عليك في غيابي يا حبيبي,ردلي احساسي أمانة ,,14034,
راحت روحي من محجر عيوني,معاني,,29815,
رايتي السوداء إلى متى سترفرفين,دمعـــــة شوق ,,34799,
رايتي السوداء إلى متى سترفرفين 2,دمعـــــة شوق ,,36426,
رباعي الحب,عقود الوله ,,98351,
ربيع عمري,فيلسوفة زماني,,150297,
رجل وكبرياء إمرأة,عبق ,,54105,
رسائل محترقة,ame pur ,,23245,
رسالة ضائعة في الصحراء,غير معروفه ,,7356,
رسامه ولكن,احلى وردة جورية,,24093,
رسمتلك أحلى إبتَسامة,soso a7md,,113942,
رشوا على قبري من دموع عينه,بقايا حطام,,145168,
رضيت بردى حظي وحظي مارضى فيني,,,59734,
رعدك مارح يفرقنا !!!,نسكافيه ,,4113,
رغم الجفا روحوا وقولوا له ياما على بالي طريت,بعثره ,,79019,
رفضتك و أهنتك و بعدها عرفت إني أموت في هواك,بنوتة كيوت تاكل توت,,90909,
رماني حظي العاثر عليه قلت ما أبيه و أتاريني ميته فيه,مفتون قلبي ,,133131,
رماني و قال ما أبيها,امبراطورة الانوثة,,130991,
رماني و قال ما أبيها 2,امبراطورة الانوثة,,111994,
رواية الحب سيأتي يومآ,,,40564,
رواية الحل الصعب,,,8286,
رواية الرزق على الله,هاردلك ياقلب,,34627,
رواية الملعونة,أميرة المضحي,,62842,
رواية أجبروني فيك و تحدوني في حبك,خليك على طول فله,,41282,
رواية زائر الليل,أحمد 666 ,,4954,
روبي أمانة في رقبتك يا نواف,العنود,,70876,
روح معاه و خلني أستمتع بنغمة بكاي,صرخة وفا او ولهانه لشوفته,,96063,
روح معاه و خلني أستمتع بنغمة بكاي 2,صرخة وفا او ولهانه لشوفته,,62116,
روحي لك وحدك,ريم الحجر,,118888,
ريمآ ونوآف آحلى ماخلق ربي,غرور الهلال ,,84548,
زفرة عاشق,إبتسامة مابعد المطر ,,43275,
زنزانة القهر,,,6274,
زهرة آخر العمر,Night Breeze,,26364,
زهرة ضامية,شبيهة أمي ,,65126,
زوجة رجل مشغول,دانة,,7813,
زوجي الصغيـر,الزهرة الصغيرة ,,12492,
سارة و باقي الخلق بألفين طقاق فدوة لعيونها كل الخلايق,شذآ الورود,,69600,
سارة و صراع المحبين,مجهولة في زمن,,47252,
سارة وراكان,سماء الأمل,,17513,
سامحني توني أفهم أكرهك يعني أحبك !,مجهولة !!,,22625,
ساهرالليل,حنين الغد,,29095,
سأبوح لك بسر,special Lady,,52840,
سأحبك رغم الظروف,جنيه إن ذى قوطي ,,47799,
سأراقص اللهب,L7’9t ‘3ram ,,47666,
سأراقص اللهب 2,L7’9t ‘3ram,,58471,
سأغير اسمي لو تطلب الأمر,أسيرة الحرية,,66309,
سأكون فارسك يا مهرجتي,ديستني ,,54892,
ستظلين في ذاكرتي,أعقل مجنونة ,,88102,
سحر عيني ذوب الكثيرين وانت تتصدى لكن بخليك تحبني مثل ما انا حبيتك,أميرة حلاها,,53906,
سر الشوق,أحب الليل,,71842,
سعوديآت بعروق ايطاليه,شوق الماس,,272632,
سعودية و القلب كويتي,عذاب الوقت,,12850,
سكر عيونك حبيبي وشوف كيف دنياي بدونك,كتكوته والشفايف توته,,71811,
سلامة قلبي يفز لاجاب طاريه,Ŝţяάωḇёяŕў,,38713,
سنين عمري,فطوم ,,37888,
سهام الأيام,,,68813,
سهام الأيام 2,,,58063,
سواها قلبي,جوهرة المملكة,,104292,
سوي نفسك مادريت وبوسني,حبها وفاء,,7876,
ســـــيد الحب,,,26342,
سيد الحب,,,26339,
سيدة الحرية ,رحيل,,72377,
سيدة الشتاء,Blue me,,84695,
شامخة و بنت رجال و جاء من يغلبني,قلب امي وروحها,,63933,
شرعك اللهم و لا اعترض,ملح الحياة,,98547,
شرعك اللهم و لا اعترض 2,ملح الحياة,,85675,
شرعك اللهم و لا اعترض 3,ملح الحياة,,106815,
شريكات في سكن الغربة,دمع الفرحة,,4619,
شغب بنوته,متغطيه بكل فخر,,58604,
شغب في مدارس الرس,آٌخفيے בـنينيے أو H.m,,62810,
شفتك و ما إهتميت و أثرك مصيري و كل عمري,رنة وتر,,76495,
شقائق النعمان,ساعة بلا عقارب,,175978,
شقائق النعمان 2,ساعة بلا عقارب,,125514,
شقاوة بنات,يكفيني بالدنيا حنانك,,22495,
شلي دخل بالنوم و وسادة الريش ما دام حضنك ضمني و احتواني,,,81549,
شمس و سحاب,احب الليل,,41823,
شـمـعـة حـيـاتـي,سمرة,,84431,
صار القلم يحكي ألم,,,94270,
صح حنا رجه ودجه لكن وقت الرزه رزه,Ms.hajar,,5929,
صح فقيرة لكن بالأخلاق كبيرة,Ms.hajar ,,12773,
صحيح أنا ما عطيتك اللي تتمنينه لكن الله يشهد وشكثر أحبك,a7la kody أو ano.bebo,,41765,
صدفـه تمنيتك نصيبي,أمووووووول دلع ,,19683,
صدق المشاعر,nony,,38402,
صدقيني غرورك ماراح يمنعني من حبك,Al.Razan,,19221,
صرت أغار أنا منها عليها خطا نفسي وأنا أتحمل خطاها,ليان,,64238,
صرت تايه أدور على حضن يدفيني,ms orchid,,116331,
صرخات هادئة,دموع كبريائي,,74642,
صفحات مما كان و كان,أم وسن,,48713,
صفحات مما كان و كان 2,أم وسن,,56959,
صفعتني بالورد,raghad165 ,,102564,
صوت دقات الخوافق لا طريته مثل حبات المطر فوق الخيام,b3thra had2a,,54740,
ضاعت حياتي بلحظة,ReRez,,61393,
ضحكتني وبكيتني شربتني من كاس سمومك ثم عيشتني بدنيا ثانية,مارلين مون,,44465,
ضحية رجلين,بنت الأكابر,,133116,
ضلالات الحب,لاأناام,,42205,
ضمني بإحساس تكفى يا حنون و أروني من فيض حبك و الحنان,,,24579,
ضمني لك و حسسني بالأمان ترى الدنيا حيل تعبتني,الجميلة نويرة,,80935,
طاوعك قلبك تخليني و تروح ,قلب قاسي,,8814,
طبع الحياة حزن و فرح .. و طبع الورود شوك و زهور, krkr g!rl,,74566,
طحت طيحة في هواكم,السولعي ,,89668,
طفلة أحلامي,عمانيه وأفتخر ,,98186,
طفلة أحلامي 2,عمانيه وأفتخر ,,115147,
طفلة أحلامي 3,عمانيه وأفتخر ,,116740,
طفلة تبحث عن الأمان,غلا وكلي غلا,,68483,
طلبتج لاترديني,جواهر,,27199,
طلبتك لاتحاكيني .. رومنسيه جريئه,,,89287,
طلع الغالي ولد خالي,خارج نطاق التغطيه,,90552,
طمني يا خالد عليك من لهفتي ودي أجيك,قصة أميرة,,24714,
ظالم و أنا بالحب مظلوم,صعب عليك تفهمني ,,30373,
عاشق الحلم المستحيل,كلي روقان ,,23308,
عاشقات على الأراضي اليابانية,زهر الأقحوان ,,214928,
عالي شموخي,أمل مذبوح,,13180,
عايش وقلبك بلا رحمة وقلبي لجل عينك تحجر,كتكوته والشفايف توته,,83116,
عتمة الديجور,l7'9t '3ram,,85313,
عذاب سنين في غلطة يوم و ليلة,to0ote,,2999,
عذراً على خيانتي,اسال عني الايام,,61849,
عزاه ياجسمن تعذب ولا مات,حَـوِرُيـٍهُ ,,42427,
عزف المحاجر,رواسي الامل,,68396,
عشاق يعتلون ناصيه القلوب,ألماسة العمر ,,173139,
عشان أعيش,صمود القهر ,,6610,
عشـــآن الحب آذل نفسي,ملاك الإحساس/مجد الجزيره,,100913,
عشـآنك بس !,ورود/نبضة شوق/ صوت الدفا,,175399,
عشرة حياتي اليوم,الأرستقراطية,,32173,
عشق بدوي يابنت ماتفهمينه,ستيفانه الطائيه,,11486,
عشق نقاشه لا شافني أتحدى كلامه و أطيح أنا كلي لا قال مو بكيفك,لأجلك,,39148,
عشقتك من أول نظرة,كاتبة!,,16321,
عشقتك من نظرتك,nooni jb,,12632,
عشقته بمستشفى المجانين,انثى ينحني الورد لرقتهاّ,,115488,
عشقي لك بجنون أحبك يا القلب الحنون,انا انثى,,73486,
عطني روحي سيدي اوخذها روحكـ,أميرة الورد 25,,29486,
عفتك وعفت قلوب ممشاك,,,28197,
علمتنا الشمس نرضى بالرحيل,اصداء الحنين ,,54128,
علميهم ليه أحبك حب ما حبه بشر,هاجس القلب ,,177029,
على إيقاع الصمت,على إيقاع الصمت ,,126428,
على حافة الهاوية,غـــــاده بنت ســامي ,,123314,
على رمال سيلين,غجرية ,,83145,
على طول الجفا والصد لقيتك ساكن بصدري,النبرة العذبة ,,40468,
على عتبات الماضي,الغرنوق ,,200879,
على موسيقى إبليس,عروس الظل &زغاريد صبايا= Enchanting twin,,76342,
عمر صغير محد يقدر عليه,روان حياتي,,66801,
عمري ما تمنيت شيء قد ما تمنيت أشوفك,أسيرة الحب ,,79394,
عمري ما توقعت إنك تكون لي,شجنـ الفرحـ,,49479,
عمري ما فكرت فيه وما خطر في البال حبه لين قلبي قال أبيه وقالت عيوني أحبه,هتون الغيم,,115089,
عمــــــــق القلــــــــــوب,,,184741,
عناق الأيام,,,72724,
عندما اعلنت حبك,,,296456,
عندما تضٌيء الشموع بيد الحُزن,شمس ورى الغيم ,,116769,
عندما تنحني الجبال,,,78852,
عهدي مع الأيام,أحلاهم وأتحداهم,,137437,
عواصف من العواطف,تــحــ البشرــدوهـا,,49534,
عودتني كل يوم أسمع أنا صوتك,عذاري العين,,104216,
عيال العز,LORENA,,136824,
عيب الرغى عقب الهدير,عنود السيح,,27264,
عيني بعينه و القلوب بعاد,قطرات الندى,,26003,
عيون فارس,,,70093,
عيونك ذبحتني وبسمتك دوختني كلك على بعضك تعجبني,حنين الروح,,117824,
غايتي ومناي بالدنيا غلاك ,زهرة الكون ,,53185,
غرام و إنتقام,نسايم نجد,,87285,
غرام و إنتقام 2,نسايم نجد,,88548,
غرق الغرقان أكثر,همسات ام بدوري,,93453,
غرور عشاق,رشا السبيعي,,91565,
غرور وكبرياء,,,184175,
غرورك مجنني يابنت عمي,تذكار العتيبي,,12918,
غصبٍ عني حبيتها,Sandra-kas أو Candy shop,,73016,
غلاك يا شموخ عذب قلب راكان ، ليه الصدف تجمعنا,A M A L,,75376,
غلاك يا شموخ عذب قلب راكان ، ليه الصدف تجمعنا 2,A M A L,,89909,
غـــــلآ,,,305008,
غلطة عمري,أكرمان الجوري ,,78621,
غمض عيونك حبيبي غمض عيونك بقولك شي بس إسمعني بقلب,الريم الدلوعه,,72409,
فارس أحلامي,,,93271,
فاطمة و أخواتها البنات,,,8074,
فاطمه و فيصل,بـنـت الماجد,,36156,
فاقدة غالي,دانة العتيبي (صوت الألم),,15349,
فتاة الخامسة عشر,,,11503,
فتآة في عمر الزهور مع الحب المنثور,مو سهلة,,37780,
فتنة لاتقربوها,,,32719,
فداك قلبي ,Mjhola-Kateba,,46290,
فداك قلبي 2,Mjhola-Kateba,,47887,
فداك قلبي 3,Mjhola-Kateba,,52938,
فداك قلبي 4,Mjhola-Kateba,,45689,
فدآتك يالغلآ,دلوعة,,48747,
فديت جناني إذا كان بمزاجي وعنادي,حايستهم ,,100227,
فرسان على جمر الغضى,وديمــة العطـــــــــا ,,30694,
فرسان على جمر الغضى 2,وديمــة العطـــــــــا ,,26879,
فصول شتى,رمش الح‘ـلآ ، رمش الغ‘ـلآ ,,80417,
فمان الله يا الغالي,احساس,,177261,
فوق الجروح اللي بقلبي من سنين يكفي دخيل الله لا تجرحوني,الهوودج ,,96443,
في أحضان الجنوب,انثى الحُلم ,,75336,
في جمالك في دلالك أشهد إنك منتي سهلة,يارونة غرام,,77182,
في صمتي كـــلام ,انجـــال,,91925,
في قلب الصحراء مشاعر متاججه,,,57885,
قالوا عني رخمه مادروا إني ربيت رجال,مصفقه عيال الحارة ,,19108,
قالوا لي أنتي له بس أستهونت فيهم,,,71174,
قالوا يابنت تغطي فيه رجال قلت أبوي بينهم؟قالوا لا قلت إذا مافيه رجال,شهد عبد المنعم العنزي,,13825,
قبله من فم الحياة,أرض فارس,,39839,
قربك مني يبعثرني و حضنك لي كل الدفا و ما يمسح أحزاني إلا أنت,ساكورة,,38412,
قربك مني يبعثرني و حضنك لي كل الدفا و ما يمسح أحزاني إلا أنت 2,ساكورة,,21820,
قررت أموت بحبك,نور الدنيــــــــــــــــــــا ,,45600,
قررت أموت في حبك,عنودة غرام ,,78294,
قساة أضعفهم الحب,ملح الحياة وسكرها,,110067,
قسوة زمن,عاشقة قلبها المجروح,,218718,
قسوة زمن,فرقآك موتي ,,33135,
قصة حب مـآساويه الجوهره وفيصل,,,10281,
قصور من طين,كلي شموخ,,173095,
قطعة جليد في منتصف الصحراء,ترانيم 1997,,152458,
قل لها المجنون وصاني و هو يعنيك,الشوق هاجسي,,69725,
قلب طفلة,!saroonah! أو Bryan,,21780,
قلبي لك يا من ملكت كل القلوب ,walaa.3,,71004,
قلوب بلا ملامح, ألمـآسـK.S.Aــة ,,92176,
قلوب تتراقص على أنغام الألم,ROoOnQ ,,279353,
قلوب تجرعت الحب,أحزآن الخليج,,38793,
قلوب ملكتها الشياطين,الحكواتي,,43499,
قمر ,عاشقة بيتنا ,,9017,
قمر خالد,حمران النواظر,,82923,
قمر خالد 2,حمران النواظر,,102674,
قول آمين عساك تحبني و تموت فيني قول آمين عسى يدينك ما تفارق يديني,موج الصحاري ,,18206,
قيود العادات,شواعر الخواطر,,5714,
كافي دموع,توتية حمرا ,,36203,
كبرتي و صرتي بالعشرين طويلة و فاتنة و تغرين,عـآد انا اللي احبك,,84874,
كبـرتي وصرتي بالعشرين طويله وفاتنه وتغرين,عاد انا اللي احبـكـ,,83946,
كبرياء امرأة,تحفة فنية,,157079,
كتمت حبه بداخلي لكن هل رح يجي اليوم اللي أصرخ بحبه,غرآم الحب ,,41381,
كثر ما قلتلك أكرهك كثر ما أنا أهواك,Maimonah ,,172699,
كرهته حيل لأفعاله,پنـــــو',,16875,
كفاك يا قلب,ghdoosh ,,29834,
كفاية جروح يا بشر,The white Dream,,66114,
كلٍ بعقله راضي,شفتك بعد غياب,,45790,
كل الخلايق فوجودك و لا شي,دمعه,,15429,
كل جرح فات لي منك هدية وش بلاك تخاف من رد الهدايا ,الريم * الجوري ,,74180,
كل ما جيت أبتدي فيك إنتهيت .. و كل ما جيت أنتهي شفتك بداية !,أوراق خريفية,,65861,
كل ما جيت أبتدي فيك إنتهيت .. و كل ما جيت أنتهي شفتك بداية ! ,أوراق خريفية,,66707,
كل يوم لك حال جديد .. مره قريب و مره بعيد,ملح الحياة وسكرها,,88700,
كل يوم لك حال جديد .. مره قريب و مره بعيد 2,ملح الحياة وسكرها,,88912,
كلا على حزنه سرى,عشان الحب ,,36820,
كنت أحسبك حيل مني قريب لكن طلعت قريب بس بشكل ثاني,تعبت اصبر,,48755,
كنت أحسبك حيل مني قريب لكن طلعت قريب بس بشكل ثاني 2,تعبت اصبر,,16911,
كنت تحبني و أنا أحقرك و بعدها عرفت إني أحبك لحد الجنون,شقأإأووهـ,,52457,
كومة جنون,عاشــــــقه آســـر,,36434,
كويتيات كشفوا الخفايا,دلع نونا ,,57837,
كيف أبوح بسري وأنا أعشق الكبرياء,أصل الغرور ,,98309,
لَن تعشَقي غيري فأنتي فتاتيِ !,سيرين بوسيدون,,159684,
لا تتهمني بشرفي عرف زماني كيف يربيني,أحزاني تنمحي ببتسامتي,,73802,
لا تسابقني بظنونك المسألة ما هي عيونك,اختناق الأنفاس ,,140015,
لا تستفز أنوثتي كي لا أكسر رجولتك,حكـآيهه بريـئه,,172688,
لا تستفز أنوثتي كي لا أكسر رجولتك 2,حكـآيهه بريـئه,,145606,
لا تقرب مني أخاف روحي تطلع من قرب أنفاسك,عاشقة في زمن غريب ,,30718,
لا تلوموني ولا تعاتبوني لانو ظروفي خلتني اتنكر كولد,هبالي اساس حياتي,,136366,
لا جيت بعقل يضحك الطيش بدري و أنا أقول له لا تصدق تراني أتسذب عليك,كل شي الا صلعة ابوي ,,30931,
لا صد قلبي صد من دون رجعه,سهم المملكة  ,,189717,
لا ياخذك غيري ترى خاطري فيك ,بنت عبدالله ,,80298,
لاتعذر باحتياجك كلنــآ ناقص حنان,روعة الشوق,,45794,
لاتعشقي البحر ترى البحر غدآر,سامية المقام,,46330,
لاتمثلين إحتياجج لي وأنتي بحضن غيري مقزرتها,سحرته بنظرتي,,172665,
لازم تذوق الذل و تعيش مكسور,كـبـريــآء,,50108,
لافارقك خل(ن) توده وتغليه ، إصبر ولابد الليالي تجيبه ,رشة مطر ,,85876,
لأنني خادمة,قلبي دبي,,50683,
لجل الوعد,المحظوظة,,390247,
لحظات لاتنسى,m-s-m-x5-gtr ,,45716,
لست الا عاشقا مثل كل العاشقين,تـ~ـوت and كـ*ــرز,,37633,
لص في متاهات العشق,عروس الظل,,91040,
لعبة الاقدار,رسامة الجروح,,80510,
لعبة الموت,مها ذلته عيوني,,57999,
لعبة بين أربع ذئاب,kime love,,55393,
لعنة الحادية عشر من ديسمبر,آهــــــــآت ,,5972,
لك كيانك لي كياني ليه جامعني معك مااخضع لقانون كيفك ,al.3be6a,,14489,
لم أكن هكذا من قبل و لكن بحبك تاهت عناويني,Golden Apple,,289707,
لم يعد سوى صفحة من دفتر ذكرياتك ، ذكرى سيئة ، سأمحيها من حياتك,golden apple ,,283281,
لمحت بين الشفايف لغز وأسرار أثر المصايب تسكن ثغرها,,,118504,
لمحت سهيل في عرض الجنوب,مشاعل ,,71678,
لمحت في شفتيها طيف مقبرتي تروي الحكايات أن الثغر معصية, طِيشْ !,,341211,
لمني بشوق واحضني,,,95867,
لمني بشوق واحضني 2,,,84056,
لمى في شقة شباب,أرجوان ,,30362,
لن اندم على من أحببت,الوان الجوري ,,15370,
لن أتخلى عنك,داليا إبراهيم,,37237,
لنحيا الحياة بأمل,لا أريد مجاملة ,,69554,
له منزلن بالحيل مرموق وسط الحشا باقصى الضمايا,ضحية حبيبي,,30552,
لو إنت مو قد الوعد لا توعد,برينسيز توتي,,33454,
لو تنتثر أحلامي برجع أرتبها,,,55543,
لو حلفت إنك تبيني وميت وهيمان فيني بعتبرها ألف كذبة طحت من قلبي وعيني,أنثى أبـــكــjojoـــت القمر,,14431,
لورا و الدوق الإسباني,,,50186,
لولا حظي,ألوان الجوري ,,24427,
ليت الزمن يعود لصلح غلطتي واشبع من شوفك ياحبيبي اه من غدر الزمن,,,77531,
ليت جنح الليل يحملك أساي,ظبيانية دار الظبي ,,208778,
ليت عندي قلبين وأحبه بكل قلب,لا للحب لك ,,5483,
ليت قلبي مثل الحجر قاسي,حبر قلم,,46395,
ليت قلبي مثل الحجر قاسي 2,حبر قلم,,47218,
ليت مشاعرنا مثل أسامينا ما تتغير,wasan ,,81344,
ليتك ترجع وأروح معك,صدى الصمت ,,16070,
ليتني عرفتك بأول العمر بدري,ظنون,,38547,
ليش السكوت,شوق المشاعر ,,40210,
ليش تزفوني لقبري؟,m7d mthli ana,,64474,
ليه ليه يجرح قلبي وأنا أحبه ليه ليه ,غريبة بدنياها ,,39491,
مُتبرع ,كيوتو,,52787,
ما أدري ألقاها من جرح القرايب و إلا عذاب الأحباب,طيفك وهم,,239259,
ما أقدر أعيش إذا هالحياة بدونك ,Night Breeze ,,41448,
ما بنكسر صابر لو فرصتي تمضي ,مستر برهوم,,88328,
ما تخيلتك حبيبي,,,38827,
ما تغير شي بس هالمكان صار فاضي,مصرقعه نص كم,,20860,
ما توقعت أحبك,miss.london,,28182,
ما توقعت أني أحبك أنت بالذات وأنا محيره حق ولد عمي إحضني أنا محتاجة حضنك و ولد عمي مابيه,بحرينيه حبوبه ,,37076,
ما رجيت من الفرح إلا رضاك و ما بكيت إلا علشانك قهر,بائعة الورد,,158863,
ما فادني زينة ما طالني غير شين فعوله,,,40203,
ما فيه رجال يستحق قلبي,غــ الكون ــلا!,,66985,
ما قدرت إلا وخنت عقلي و مشيت في درب قلبي,بنوتة كيوت,,84933,
ما يموت عزمك دامني جنبك,صبى الاوراق,,66833,
ما يموت عزمك دامني جنبك 2,صبى الاوراق,,70347,
ما يموت عزمك دامني جنبك 3,صبى الاوراق,,37886,
مابعد الشتات,لمسة برآءة ,,14706,
مابعد مر الرحيل إلا إنكسار,أنفآس الهجر,,141547,
ماتت فرحتي يوم شفتك,,,42608,
ماجد تعال أشمك و أضمك ذبحني حيل بعادك,حسايف,,59324,
ماضي ينعاد بشكل معتاد,قلمي المجروح ,,66381,
مــــالــــوم قلـــبـــي لــي انــتـــفـــض عـــنـــد طــاريــــك,المـــلـــكـــة الام ,,109257,
مـآحبهـآ ولاكن آحبهـآ,,,48555,
مأساة بلا دموع,نور الزمان,,119364,
مأساتي في سطور الماضي,ام لسانين,,126787,
مثلث الحب,مزاجية على كيفك ,,58518,
مجانين في موسم الحب,مجبوره اعيش من دونك,,27631,
مجبور آنا آعيش من بعد فرقاك,,,105016,
مجنون سارة,فاتنة دبي,,164317,
محد مرتاح بدنياهـ,,,92148,
محد مرتاح بدنياهـ 2,,,73852,
محمود ونور,,,6290,
مذكرات طفله في جسد امرأه,nono123,,3106,
مذكرآآت نوف,,,65459,
مريم عيون فارس,,,46754,
مستحيل احبك مستحيل اعيش من دونك,الجوري ,,37040,
مستحيل احبك مستحيل اعيش من دونك 2,الجوري,,37795,
مستحيل أحب غيرك,حمالة الاسيه ,,98669,
مسلسل ذو العيون الصغيرة,خيال الخيال,,70078,
مشهور ؟ و يعني مشهور تلعب بمشاعري ! لا يا حبيبي منت معذور,شذآوي وفتو,,118056,
مصيبة ينسرق عمرك ولا أنت حاسب احسابك,ملتفت صوبك لوعينك تهل دم ,,4841,
مظاهره نسائية,دلوعة الشرقية ,,147955,
مع غروب الشمس لا يغرب الحب,خيال الواقع,,27712,
مقدر على بعدك حشى كيف فرقاك!هذي الحقيقة خلها في يقينك,مملوحه الوصايف,,28996,
مقيدة بالأحزان ,وجع الكلمات ,,44466,
مكتوب بحياتي ورضيت فيه,حزني الضامي,,34396,
ملاك الحب,my faith,,57791,
ملاك حبي,,,195454,
ملاك وعيونها هلاك,سويت 18,,38799,
ملامح وجهي القديم,حديقة الظلام ,,146960,
ملآمح الحزن العتيق,اقدار ,,244574,
ملحمة روحي بلقاك,ندوش ,,3746,
من أعماق أحضان مجنونة,ملح الحياة وسكرها,,90430,
من أعماق أحضان مجنونة 2,ملح الحياة وسكرها,,89785,
من بعادك اتعذب ولجل عينك ابيع الدنيا و اشتريك,غرآبيلٍ دنيآ ,,83838,
من بين الناس حبيتك ,دلـــــــــوعه ,,51539,
من تحت سقف الشقى أخذتني,نـررجسـيھے,,101693,
من حب عفوي إلى حب جنوني,عقد اللؤلؤ المكنون 1,,148982,
من ريحة عطري حبيتني,وئام الحب ,,14174,
من شفت عيونك و أنا عيني ما ذاقت النوم,ألحان الجنون ,,9129,
من عرفتك بدأ عمري و زاد النبض في صدري,الزين كله ,,2066,
من عرفتك وأنا ماغيرك أشوف,شانــــــــــــيلا,,71942,
من كثر اعجابي فيك يوم اشوفك والتقيك احكي مع الناس كلهم واتكبر عليك,شعاع المملكه,,17640,
من متى و الغصـن يختـار الطيـور,شخصيه خياليه,,163424,
من يحبك كثر ما أحبك أنا,جنيه إن ذى قوطي,,92329,
من يقول الحب يذبل كالورود الكاتبة غزالة نجديه,غزاله نجديه,,29623,
من يقول اني على هجرك نويت,,,66793,
منال صـعب المنـال,مـــــــــــــنــــــــــــــال الــــــــــــــقـــــــــــــــــلـــــــــــــــ ــــــب,,79340,
مها,مها ذلته عيوني ,,5261,
مهلاً ياقدر ,أقدار,,135463,
مو قادر أحب انسان ثاني صرت ماشوف لأن حبك عماني,al.3be6a,,12695,
موعد مع السعاده,العيناويه,,360628,
مولدي لحظة لقاك,المصممه ,,34351,
نا جيتك طفل ضايع حنان الحب ما ذاقه وصلت لعالمك صدفه دخيلك لا تخلين,دقات الكيبورد ,,133739,
ناداني ولبيته,,,85418,
نبش الغراب,هاجس الشوق ,,3110,
نبض قلبي,,,234881,
نبي رد الثنا,عجاايب,,66594,
ندى الأيام ,ندى ,,6525,
نسائم حب,سحابة نقية,,69857,
نسيم الشوق ,z.m.h,,26573,
نكهات من علقم الدنيا !,دَمعَةْ يتيِمةْ ,,512235,
نهاية الحب,,,41357,
نهاية حبك إعدامي,طموح مجنون ,,455329,
نهــآية العشق سفك الدمــآء والراحة من العنــآء,ام العيون العسلية,,72470,
نوح الحمام,طيف الاحباب ,,160827,
نيران الحب, m-s-m-x5-gtr ,,57920,
هِمت بهواك ,فرقآك موتي ,,89328,
هجرك ابد ماهز قلبي دام الشموخ مني وفيني,العنيده212,,119571,
هدمت حياتي بيديك و جاي تقول ندمت وش يفيد ندمك ؟,غلا نفسي مكفيني & تؤام روحي(h+s) & بنت السعوديه حلاها غير,,51003,
هدمت حياتي بيديك و جاي تقول ندمت وش يفيد ندمك ؟ 2,غلا نفسي مكفيني & تؤام روحي(h+s) & بنت السعوديه حلاها غير,,45599,
هدمت حياتي بيديك و جاي تقول ندمت وش يفيد ندمك ؟ 3,غلا نفسي مكفيني & تؤام روحي(h+s) & بنت السعوديه حلاها غير,,59995,
هدمت حياتي بيديك و جاي تقول ندمت وش يفيد ندمك ؟ 4,غلا نفسي مكفيني & تؤام روحي(h+s) & بنت السعوديه حلاها غير,,62359,
هذا و أنا في بيتك توجهني الباب ما قلت لي إصبر على وين مقفي,جروح الروح ,,34500,
هذي مو كل الحكاية هذي قطرة من بحر,,,104518,
هذي هديتك يا فواز,نصفي فواز ,,3748,
هروب من الواقع,حياتي ابتسامة ,,21375,
هلي الله يسامحكم .. إذا ما كان عاجبكم,Banootah cool,,46410,
همس الموت ,لمسة براءة,,47250,
همس الموت 2,لمسة براءة,,65894,
هن لباس لكم,مشاعل الحربي ,,132562,
هــــــــــــوى قلبــــــي,أنــــــــثـــــــى الخيال,,35101,
هــــــــــــوى قلبــــــي 2,أنــــــــثـــــــى الخيال,,24836,
و الله إن عذابي عظيم بدونك,على كيييفي,,37377,
و اللي جمعنا و إلتقينا و كنت لك و اللي فطر قلبي بحبي لك,عبير الورد والشوق,,83312,
و أنقلبت الموازين,فديت ضحكتي,,44675,
و إستيقظت من سباتي لأجلهم,"لا أريد مجاملة "" إرادة الحياة """,,55730,
و إن جيتي عالعناد ترى فيه محد مثلي,صــاحــيــة لــهــم,,76622,
و إن جيتي عالعناد ترى فيه محد مثلي,صاحية لهم,,49984,30.0
و إن جيتي عالعناد ترى فيه محد مثلي 2,صاحية لهم,,26182,
و دقت الساعة الثامنة,د/ محمد الحضيف,,9977,
و كابرت بفراقك مع إني تألمت,أكابر ,,130707,
و للقلوب معارك,وجه النهار,,97994,
و هكذا جمعنا القدر تحت سقف واحد,golden apple,,195506,
و يشلون تلمح دموعي وتتجاهلها من بعد ماكنت تمسحها تنزلها,,,200052,
واخيراً حبينا بعض,مفتون قلبي,,76084,
والله أحبك لو علي رقبتي سيف,أم نشوان,,28228,
والله أحبك يشهد الله علي,ساكبت العود,,83602,
والله أحبك يشهد الله علي 2,ساكبت العود,,60520,
والله أحبك يشهد الله علي 3,ساكبت العود,,70664,
والله لاجيب راسك,الجوري,,44445,
والله لاجيب راسك 2,الجوري,,12097,
وبدا الحب يحكي قصة عشق ليس له مثيل ..!,حروف راقيه ,,95964,
وجهك مو بوجه نعمة في أحد يمتلك القمر و يدعي ربه يرزقه تراب ,القمر كله,,15904,
ودي أحطب لك ضلوعي و أدفيك,عطني الأمان بحياتك ,,73485,
ورثة في دماء الحب,FnoOo ^_^,,59510,
وردة حمراء و لكن ذابلة,zezooxm,,12467,
ورود غرقت من دماء الشياطين,حزينة بلا دموع,,50949,
وش الله مكلفني بحبن تاليه فراق ,انجال,,100219,
وش تحس فيه ياقلبي كل دقيقة لك مزاج,Sooma Aljohani,,33617,
وش تمنى ؟ أبي تبقى معاي و فيك أنا أتهنى,وشاء الهواء ,,22616,
وش جاه محبوبي مشى و خلاني ما بين نيراني و بين أحزني,بنت الشيوخ,,149575,
وش ذنب دمعآ على طاريك هليته,عذوبة,,57537,
وش عذرك يوم تخون وش ذنبي يوم صدقتك ,غايتي رضا ربي ,,59402,
وش فادني صبري ومقطان الحنين اللي سرق عطري سنين,× آنآ × رُوْحً حَآلِمه,,214443,
وشايات المؤرقين,ضحكتك في عيوني ,,51083,
وشايات المؤرقين 2,ضحكتك في عيوني ,,52878,
وشايات المؤرقين 3,ضحكتك في عيوني ,,44195,
وصية الحقد,new moon,,81757,
وصية الحقد 2,new moon,,29173,
وصية الحقد 3,new moon,,11836,
وطال انتظاري,,,42694,
وطت رجلي علي دربه و لا أدري وش نوي فيني,ضحية حبيبي,,375218,
وطيت الجمر بأقدامي كفاني كل ما جاني,بنت الأجواد,,133766,
وفاء لقلبه,دموع السحاب,,45216,
وقع في الحب رغما عنه,أميرة الندى ,,19005,
وكان أسمها صبح,مغرومه بلا حد,,11198,
وكل ما قال الفرح جيت يلاقي من أحزان قلبي صدود,براءة طفلة ,,54368,
ولد الترف و الدلال,بنت الاكابر,,179962,
ولد العم,حمران النواظر,,76836,
ولد الفقر وبنت الهوامير,عاشق الخيل ,,9607,
ولكبريائي رواية,راقية بكل الصفات,,34681,
ومرت الأيام,متكحله بدماء جروحها,,85812,
وه فديتك,أتعبني إحساسي ,,18882,
وين يروح قلبك ؟!,مشاعر,,49987,
وينك أنادي لك,eng.noory,,203044,
وينك أنت فيه صراحة أنا من دونك شي مايسوى,فيكتوريــآ ,,23278,
يا أخوي لا تظلمني,,,2155,
يا أغلى ناسي,أقحوان,,16022,
يا أمانينا تعالي شاركيني وشوفي حالي,ضحكها هيبة ,,6649,
يا حبي الخالد أموت بغرامك,ضجيج أنثى ,,59766,
يا حبيبي اللي تشوفه فيني ما هو غرور هذي عزة نفس في قمة تواضعها,مالي مثيل,,43570,
يا حظ عينه تنام اليل مرتاحة,جووولي,,29106,
يا حلمي اللي طول عمري أتبعك,منبع الأنوثة,,41798,
يا خاطفي وين ألقى عزتي في زمان المذلة !,على شاطئ النسيان ,,159012,
يا خاطفي وين ألقى عزتي في زمان المذلة ! 2,على شاطئ النسيان ,,148657,
يا خاطفي وين ألقى عزتي في زمان المذلة ! 3,على شاطئ النسيان ,,79731,
يا خاطفي وين ألقى عزتي في زمان المذلة ! 4,على شاطئ النسيان ,,88449,
يا خالتي أريد أمي,خالد الغامدي ,,16211,
يا دنيا توقعتك تكرهيني وإكتشفت إنك تذليني,ســـــــــارا ,,130256,
يا راكان ترى مالي مكان في هالدنيا بدونك,Johnarr Cool,,46269,
يا ريت عمري ماهويت,Red Bull ,,43193,
يا صلاله خبرينا عن قلوباً تهتوينا,,,52890,
يا ضياعه بالهون ترا نصفي يبيه,شروايً حلمَ ,,115364,
يا قاتلي هل لي بكلمة,غموض أنثى ,,98961,
يا قلب أرجوك لا عاد ترغمني على حب جديد و فيه توهمني,جـــوى,,60309,
يا لبيه يا الدنيا العجيبة,معانده جرووحي,,108106,
يا ليت انها يوم جفتني من جفاها تستفيد,b7ooor ,,67942,
يا ناس حبايبي نسوني,sheko,,1792,
يا يمه حبيته قلبي تعلق فيه زفوني لبيته,مجنونه حبي,,65228,
يابنت وين مثل قلبي تلاقين قلبن عطاك الحب ماقال هاتيه,عاشقة السراب,,31448,
يارب تخليه وتبقيه لعنين ترجيه,,,52307,
يارب تخليه وتبقيه لعنين ترجيه 2,,,57433,
يارب تخليه وتبقيه لعنين ترجيه 3,,,60969,
ياسمين,(n)+(a)= (love),,36271,
ياشقى عمري معك طال الصراع ياخسارة كنت أظنك دنيتي,مطنوخه حدي ,,93613,
ياعيـونه بس يكفيني عذاب,خجل العذارى,,109252,
يالبى قلبك,,,117287,
يبقى الحب,غيوض 2008,,55816,
يحلمون اللي فيك يفكرون ياخدوك مني و الله لو يتجننون ,ردلي إحساسي أمانة ,,23436,
يحلمون اللي فيك يفكرون ياخذونك انت مني والله لو يتجننون,rafooo,,48843,
يخلف الله على عقل ملكت كل تفكيره,amzeng,,96384,
يدري إن أسباب ضعفي نظرته يدري إني ما أقاوم ضحكته,سآكِبَتْ الْـ عُ ــودْ ,,242300,
يدري إن أسباب ضعفي نظرته يدري إني ما أقاوم ضحكته 2,سآكِبَتْ الْـ عُ ــودْ ,,237079,
يدري إن أسباب ضعفي نظرته يدري إني ما أقاوم ضحكته 3,سآكِبَتْ الْـ عُ ــودْ ,,343783,
يدري إن أسباب ضعفي نظرته يدري إني ما أقاوم ضحكته 4,سآكِبَتْ الْـ عُ ــودْ ,,281260,
يزيد بي الصوع بذكرى كنت بها المنهاني,أكبر طاف,,95768,
يسالوني ويش أحلى عطر عندك قلت ريحة عطر حبيبي في ملابسي بعد ما أضمه,مشكلتي عشقتك,,130429,
يعرف نقطة ضعفي حبي له,حب بابي,,32849,
يعشقني من قلبه هو قال,جنون ورده ,,59364,
يمسح الدمعة بشكوى,هدوئي,,161032,
يوم شفتك طاح قلبي بطوله,مجهولة !!,,81053,
يوميات حبي و حبه,تاج الغرور,,152605,
يوميات زهرة و محمد,سكرانه حب ,,83939,
